"","Item1","Item2","Item3","Item4","Item5","Item6","Item7","Item8","Item9","Item10","Item11","Item12","Item13","Item14","Item15","Item16","Item17","Item18","Item19","Item20"
"ID1",1,1,1,0,1,0,1,1,1,1,1,1,0,0,1,1,1,1,1,0
"ID2",1,1,1,0,0,0,1,1,1,1,0,0,1,1,1,1,1,1,1,0
"ID3",1,1,0,1,0,0,1,1,0,0,1,1,0,1,0,1,1,1,1,1
"ID4",0,0,0,0,0,0,0,0,1,0,0,0,0,0,0,0,0,0,0,0
"ID5",1,1,1,1,1,1,1,1,0,0,0,1,1,1,0,1,1,0,1,1
"ID6",1,1,1,1,1,1,1,1,1,1,1,1,1,1,1,1,1,1,1,1
"ID7",1,1,0,0,1,1,1,1,1,1,1,1,1,1,1,1,1,1,0,0
"ID8",1,1,1,1,1,1,1,1,1,1,1,1,1,1,1,1,1,1,1,1
"ID9",0,0,0,0,0,0,0,0,0,0,0,0,0,0,0,0,0,0,0,0
"ID10",1,1,0,1,0,1,1,1,1,1,0,0,1,0,1,1,1,1,1,0
"ID11",0,0,0,0,0,0,0,0,1,1,1,0,0,1,1,0,0,0,1,0
"ID12",1,1,1,1,1,0,1,1,0,1,0,0,0,1,1,1,1,1,1,0
"ID13",0,1,0,0,0,0,0,0,1,1,1,0,0,0,1,0,0,0,1,0
"ID14",0,0,0,0,0,1,0,0,1,1,1,0,0,1,1,0,0,1,0,0
"ID15",0,1,0,0,0,0,0,0,1,1,0,0,0,1,1,0,0,0,1,0
"ID16",0,1,0,0,1,0,0,0,1,1,1,0,0,0,1,0,0,0,0,0
"ID17",0,1,0,0,0,0,0,0,1,1,0,0,0,1,1,0,0,0,1,0
"ID18",1,1,0,0,0,0,1,1,1,1,0,0,1,0,1,1,1,1,1,0
"ID19",0,1,0,0,1,0,1,1,1,1,0,0,1,1,0,1,0,1,0,0
"ID20",1,1,0,0,1,0,1,0,1,1,0,0,0,0,1,0,0,0,1,0
"ID21",1,1,1,1,1,1,1,1,1,1,1,1,1,1,1,1,1,1,1,1
"ID22",0,0,0,0,1,0,0,0,1,1,1,0,0,0,1,0,0,0,1,0
"ID23",0,1,1,0,0,0,1,1,0,0,0,0,1,0,0,1,1,1,0,0
"ID24",0,1,0,0,1,0,0,0,1,1,1,0,0,0,1,0,0,0,1,0
"ID25",1,1,0,0,1,1,1,1,0,1,1,0,1,1,1,1,0,1,0,0
"ID26",1,1,0,1,1,0,1,1,1,1,0,0,0,1,0,1,1,1,1,1
"ID27",1,1,0,0,1,0,1,1,1,1,1,0,1,0,1,1,1,1,1,0
"ID28",0,0,0,0,0,0,0,0,0,0,0,0,0,0,0,0,0,0,0,0
"ID29",1,0,0,0,1,0,0,0,1,1,0,0,0,0,1,0,1,0,1,0
"ID30",1,1,1,1,1,1,1,1,1,1,1,1,1,1,1,1,1,1,1,1
"ID31",0,0,0,0,1,1,0,0,1,1,1,0,0,1,1,0,0,0,1,0
"ID32",1,1,0,0,1,0,0,1,1,1,0,0,0,1,1,1,1,1,1,0
"ID33",0,1,1,1,1,0,0,0,1,1,0,0,0,0,0,0,0,0,1,0
"ID34",1,1,0,0,1,0,1,1,1,0,0,0,1,0,0,1,1,0,1,0
"ID35",0,0,0,0,1,0,0,0,1,1,1,0,0,1,1,0,0,0,1,0
"ID36",1,1,0,1,0,0,1,1,1,1,1,0,1,0,1,1,1,1,1,0
"ID37",0,1,0,1,0,0,0,0,1,1,1,0,0,1,1,0,0,0,0,0
"ID38",1,1,0,0,0,0,1,1,1,0,1,0,1,0,1,1,1,1,1,0
"ID39",1,1,1,0,1,0,1,1,0,1,0,0,1,1,1,1,1,1,1,0
"ID40",1,1,1,0,1,0,1,1,1,1,1,0,1,0,1,1,1,1,0,0
"ID41",1,1,0,0,1,0,1,1,1,1,0,0,1,1,1,1,1,1,1,0
"ID42",0,0,0,1,1,0,0,0,1,1,1,0,0,1,1,0,1,0,1,0
"ID43",0,0,1,0,1,0,0,0,1,1,1,1,0,0,1,0,0,0,1,0
"ID44",1,1,1,1,1,1,1,1,1,0,1,1,1,1,1,1,1,1,1,1
"ID45",1,1,1,0,1,0,1,1,1,1,1,0,1,0,1,1,1,1,1,0
"ID46",1,1,0,0,1,0,1,1,1,1,1,0,1,1,1,1,1,1,1,0
"ID47",1,1,0,1,1,1,0,0,1,1,1,1,1,1,1,0,0,0,1,1
"ID48",0,0,1,0,0,0,0,0,1,1,1,0,0,0,1,0,0,0,1,0
"ID49",0,0,0,0,1,0,0,0,0,1,1,0,0,1,1,0,0,0,1,0
"ID50",0,1,1,1,1,1,1,1,1,1,1,1,1,1,1,1,1,1,1,1
"ID51",1,1,1,1,1,1,1,1,1,1,1,1,1,1,1,1,1,1,1,1
"ID52",1,1,0,1,1,0,1,1,1,1,0,0,0,1,1,1,1,1,1,0
"ID53",0,0,1,0,1,0,0,0,1,1,0,0,0,1,1,1,0,0,1,0
"ID54",1,0,0,0,1,0,0,0,1,1,0,0,1,0,1,0,0,0,1,0
"ID55",1,1,1,1,1,1,0,1,1,1,1,1,1,1,1,1,1,1,1,1
"ID56",0,1,0,1,1,0,0,0,1,1,1,0,0,0,1,0,0,0,1,0
"ID57",0,0,0,0,0,0,0,0,0,0,0,0,0,0,0,0,0,0,0,0
"ID58",0,1,1,1,1,1,1,1,1,1,1,1,1,1,1,1,1,1,1,1
"ID59",1,1,1,0,1,0,0,0,1,1,1,0,0,0,1,0,0,0,1,0
"ID60",1,0,1,1,1,1,0,0,1,1,0,1,1,1,1,0,1,0,1,1
"ID61",0,1,0,1,0,0,0,0,1,1,0,0,0,1,1,0,0,0,1,0
"ID62",1,0,0,1,0,0,0,0,1,0,0,0,0,0,1,0,0,0,1,0
"ID63",0,0,0,0,0,0,0,0,0,0,0,1,0,0,0,0,0,0,0,0
"ID64",0,0,0,0,1,0,0,0,0,1,1,0,0,1,1,0,0,0,0,0
"ID65",1,1,1,1,1,1,1,1,0,1,1,1,1,1,1,1,1,1,1,1
"ID66",0,1,1,0,1,0,1,1,1,1,0,0,1,0,1,1,1,1,1,0
"ID67",1,1,0,0,1,0,1,1,1,1,0,0,0,1,1,1,1,1,1,0
"ID68",0,0,0,0,0,0,0,0,1,1,0,0,0,1,1,0,0,1,1,0
"ID69",0,0,0,1,1,1,1,1,1,1,1,0,1,1,1,1,1,1,1,1
"ID70",1,0,0,0,1,0,1,1,1,1,1,0,0,1,1,1,1,1,1,0
"ID71",0,0,0,0,0,0,0,0,1,1,0,0,0,0,1,0,1,0,1,0
"ID72",1,1,1,1,1,0,0,0,1,1,1,1,0,1,0,0,0,0,1,1
"ID73",0,0,0,0,0,0,0,0,0,0,0,0,1,0,0,0,0,1,0,0
"ID74",0,0,0,1,0,0,0,0,1,0,0,0,0,0,1,0,0,0,1,0
"ID75",1,1,1,0,1,0,1,1,1,1,1,1,1,1,1,1,1,1,0,0
"ID76",0,0,0,0,1,0,0,0,1,0,1,1,0,0,1,1,0,0,1,0
"ID77",1,1,0,0,0,0,0,0,1,1,0,0,0,1,1,0,0,0,0,0
"ID78",0,0,0,0,0,0,0,0,1,1,0,0,0,1,1,1,0,0,1,0
"ID79",1,1,1,1,0,1,1,1,0,0,0,1,1,1,0,1,1,1,1,1
"ID80",1,0,0,0,1,0,0,0,1,1,1,0,0,0,1,1,0,0,1,0
"ID81",0,1,1,1,1,1,0,0,1,1,1,1,0,1,1,0,1,0,1,1
"ID82",0,0,0,0,1,0,0,0,1,1,0,0,0,0,1,0,0,0,1,0
"ID83",0,0,0,0,0,0,0,0,0,0,0,0,0,0,0,0,0,0,0,0
"ID84",0,0,0,0,1,0,0,0,0,1,0,1,0,0,1,0,0,0,1,0
"ID85",0,0,0,0,0,1,0,0,1,1,0,0,0,1,1,0,0,0,0,0
"ID86",1,1,1,1,0,0,1,1,1,1,1,0,0,1,1,1,1,1,0,0
"ID87",1,1,1,1,1,0,1,1,1,1,1,0,1,0,0,1,0,1,0,0
"ID88",0,1,0,0,1,0,0,1,1,1,0,0,0,1,0,1,0,1,1,0
"ID89",1,0,1,1,0,0,0,0,0,0,1,0,0,1,1,0,1,0,1,1
"ID90",1,0,0,1,0,0,1,1,1,1,1,0,0,0,1,1,1,1,1,0
"ID91",0,0,1,0,1,0,0,0,1,1,1,0,0,0,1,0,1,0,0,0
"ID92",0,1,0,0,1,0,1,1,1,1,0,0,0,1,1,1,1,1,1,0
"ID93",1,1,0,0,0,0,1,1,1,1,1,0,0,1,1,1,1,1,1,0
"ID94",0,0,1,0,0,0,0,0,1,1,1,0,0,0,1,0,0,1,1,0
"ID95",0,0,0,0,0,0,0,0,0,0,0,0,0,1,0,0,0,0,0,0
"ID96",1,1,0,0,1,0,1,1,0,0,0,1,1,0,0,1,1,1,0,0
"ID97",1,1,0,0,1,0,1,1,1,1,1,0,1,0,1,1,1,1,1,0
"ID98",0,0,0,0,0,0,0,0,0,0,0,1,0,0,0,0,0,0,0,0
"ID99",1,1,0,0,1,0,1,1,1,1,1,0,1,1,1,1,1,1,1,0
"ID100",1,1,0,0,1,0,1,1,1,1,0,0,0,1,1,1,1,1,1,0
"ID101",1,1,0,0,1,0,1,1,1,1,0,0,0,0,1,1,1,1,1,0
"ID102",0,1,1,1,1,1,1,1,0,1,1,1,1,1,1,1,1,1,1,1
"ID103",1,1,1,0,1,0,1,1,0,1,0,0,1,1,1,1,0,1,1,0
"ID104",1,1,0,0,1,0,1,1,1,0,0,0,1,1,1,1,1,1,1,0
"ID105",1,1,0,0,1,0,1,1,1,1,1,0,1,0,1,1,1,1,1,0
"ID106",1,0,1,0,1,0,0,0,1,1,1,0,0,1,1,0,0,0,1,0
"ID107",1,1,1,0,1,0,1,1,1,1,1,0,1,1,1,1,1,1,1,0
"ID108",1,1,1,1,1,1,1,1,0,1,1,1,1,1,1,1,1,1,1,1
"ID109",0,0,0,0,0,0,0,0,1,1,1,0,0,1,0,0,0,0,1,0
"ID110",0,1,0,0,1,0,1,1,0,1,0,0,0,1,1,1,1,1,0,0
"ID111",1,1,0,0,1,0,1,1,1,1,0,0,0,0,1,1,1,1,1,0
"ID112",0,1,0,0,1,0,0,0,1,1,1,0,0,1,1,0,0,0,1,0
"ID113",0,1,0,0,0,0,0,0,0,0,0,0,0,0,0,0,0,0,0,0
"ID114",1,1,0,1,0,1,0,0,1,1,1,1,1,1,0,0,0,0,1,1
"ID115",1,1,1,0,1,0,0,1,1,0,1,0,1,0,1,1,1,1,1,0
"ID116",1,1,1,1,1,1,1,1,1,1,1,1,1,1,0,1,1,1,1,1
"ID117",0,1,0,0,1,0,1,1,1,1,1,0,0,0,1,1,1,1,1,0
"ID118",0,0,0,0,0,0,0,0,0,0,0,0,0,0,0,0,0,0,0,0
"ID119",0,1,0,0,0,0,0,0,1,1,0,0,0,1,1,0,0,0,1,0
"ID120",1,0,1,0,0,0,0,0,0,0,0,0,0,0,0,0,0,0,0,0
"ID121",0,0,0,0,0,0,0,0,1,1,1,0,0,1,0,0,0,0,0,0
"ID122",1,0,0,0,1,0,1,1,1,1,0,0,1,0,1,1,1,1,1,0
"ID123",0,1,0,0,1,0,1,1,1,1,1,0,1,1,1,1,1,1,1,0
"ID124",0,0,0,0,1,0,0,0,0,1,1,0,0,0,1,1,0,0,1,0
"ID125",1,1,0,0,1,0,1,1,1,1,0,0,0,1,1,1,1,1,0,0
"ID126",1,1,1,0,1,0,1,1,1,1,1,0,1,1,1,1,1,1,1,0
"ID127",1,1,1,1,1,0,1,1,1,1,1,0,1,0,0,1,1,1,1,0
"ID128",1,1,1,0,1,0,1,1,1,0,1,0,0,1,1,1,1,1,1,0
"ID129",1,1,1,0,1,0,1,0,1,1,1,0,1,0,1,1,1,1,1,0
"ID130",1,1,1,0,0,0,1,1,1,1,1,0,0,0,1,1,1,1,1,0
"ID131",1,1,1,1,1,0,1,1,1,1,0,0,0,1,1,1,1,1,0,0
"ID132",1,1,1,1,1,1,0,0,1,1,1,1,1,1,0,0,1,0,1,1
"ID133",0,1,1,0,1,0,1,1,1,1,0,0,1,0,1,1,1,0,1,0
"ID134",0,1,0,0,1,0,0,0,1,1,1,0,0,1,0,0,0,0,1,0
"ID135",1,0,1,0,1,0,0,0,1,0,1,0,0,1,1,0,0,0,1,0
"ID136",1,1,1,1,0,1,1,1,1,1,1,1,1,1,1,1,1,1,1,1
"ID137",1,1,0,1,1,0,1,0,1,0,1,0,1,0,0,1,1,1,0,0
"ID138",1,1,0,0,0,0,1,1,1,1,1,0,1,0,0,1,1,1,1,0
"ID139",0,0,0,0,0,0,0,0,0,0,0,0,0,0,1,0,0,0,0,0
"ID140",0,1,0,0,1,0,0,0,1,1,1,0,0,1,1,0,0,0,1,0
"ID141",1,1,0,0,1,0,1,1,1,1,0,0,1,1,1,1,1,1,1,0
"ID142",0,0,1,1,0,1,0,0,0,1,1,1,1,1,1,0,1,0,1,1
"ID143",1,1,1,1,0,0,0,0,1,1,1,1,0,1,1,0,0,0,1,1
"ID144",1,0,1,0,1,0,0,0,1,1,1,0,0,0,1,1,0,0,0,0
"ID145",1,1,1,0,1,0,1,1,0,0,0,0,1,0,0,1,1,1,0,0
"ID146",0,0,0,1,0,0,0,0,0,0,0,0,0,0,0,0,1,0,0,0
"ID147",1,1,0,0,1,0,1,1,0,1,1,0,1,0,1,1,1,1,1,0
"ID148",1,1,0,0,1,0,1,1,1,1,1,0,1,0,1,1,1,1,1,0
"ID149",1,1,0,0,1,0,1,1,1,1,0,1,1,0,1,1,1,1,1,0
"ID150",0,1,0,0,0,0,1,1,0,0,0,0,1,0,0,1,1,1,0,0
"ID151",0,0,0,0,1,0,0,0,1,1,0,0,0,1,1,0,0,0,1,0
"ID152",0,0,0,0,1,0,0,0,1,1,1,0,0,0,1,0,0,0,0,0
"ID153",1,1,0,0,1,0,1,1,1,1,0,0,1,0,1,1,1,1,1,0
"ID154",0,0,0,0,1,0,0,0,1,1,1,0,0,1,1,0,0,0,0,0
"ID155",0,0,0,0,1,0,0,0,1,1,0,1,1,0,1,1,0,0,0,0
"ID156",1,0,0,0,1,0,1,1,0,1,1,0,1,1,1,1,1,1,1,1
"ID157",0,1,0,0,0,0,0,1,0,0,0,0,1,0,0,1,1,1,0,0
"ID158",1,1,0,0,1,0,0,0,1,1,0,1,1,0,1,0,0,1,1,0
"ID159",1,1,1,0,1,0,1,1,1,1,1,0,1,0,1,1,1,1,1,0
"ID160",0,0,0,0,0,0,0,0,0,0,0,0,0,0,0,0,0,0,0,0
"ID161",0,1,1,0,1,0,1,1,0,0,0,0,1,0,0,1,1,1,0,0
"ID162",0,0,0,0,0,0,0,0,1,1,1,0,0,1,0,0,0,0,0,0
"ID163",0,0,0,1,0,0,0,0,0,0,0,0,0,1,0,0,0,0,0,0
"ID164",1,1,0,0,1,0,1,1,1,1,0,1,1,0,1,1,1,1,1,0
"ID165",1,0,0,1,1,1,0,0,1,1,1,0,1,1,0,0,0,0,1,1
"ID166",0,1,0,0,0,0,0,0,1,1,1,0,0,1,1,0,0,0,1,0
"ID167",1,1,1,0,1,0,1,1,1,1,1,0,1,0,1,1,1,1,0,0
"ID168",0,1,0,0,1,0,0,0,1,1,1,0,0,0,1,0,0,0,0,0
"ID169",0,0,0,0,1,0,0,0,1,0,1,0,0,0,1,0,1,0,1,0
"ID170",0,0,0,1,0,1,0,0,1,1,0,1,0,0,1,0,0,0,1,0
"ID171",1,1,1,1,1,1,0,1,1,1,1,1,1,1,1,1,1,1,1,1
"ID172",0,0,0,0,1,0,0,0,1,1,1,0,0,1,1,0,0,0,0,0
"ID173",1,1,1,0,1,0,1,1,1,0,0,0,0,1,1,1,1,1,1,0
"ID174",0,1,0,0,1,0,1,1,1,0,1,0,1,0,1,1,1,1,1,0
"ID175",0,0,0,0,1,0,0,0,1,1,1,0,0,0,1,0,0,0,1,0
"ID176",0,0,0,0,0,0,0,0,1,1,1,0,0,0,1,1,0,0,0,0
"ID177",1,1,0,0,1,0,1,1,1,0,1,0,0,1,1,1,1,1,0,0
"ID178",1,1,0,1,0,1,0,0,1,1,1,1,1,1,1,0,0,0,1,1
"ID179",0,1,0,0,0,0,1,1,1,1,0,0,1,1,1,1,1,1,1,0
"ID180",1,1,0,0,1,0,1,1,1,1,0,0,1,1,1,1,1,1,1,0
"ID181",0,1,0,0,1,0,0,0,0,0,0,0,0,0,0,0,0,0,0,0
"ID182",1,1,1,1,1,0,1,1,1,1,1,0,1,1,1,1,1,1,1,0
"ID183",0,0,0,0,1,0,0,0,1,1,0,0,0,0,0,0,0,1,1,0
"ID184",0,1,0,0,1,0,1,1,1,1,0,0,1,0,1,1,1,1,1,0
"ID185",1,1,0,0,1,1,1,1,1,1,1,0,0,0,1,1,1,1,1,0
"ID186",0,0,0,0,0,0,0,0,0,0,0,0,0,0,0,0,0,0,0,0
"ID187",0,0,0,0,1,0,0,0,1,1,1,0,0,1,1,0,1,0,1,0
"ID188",0,0,0,0,1,0,0,0,0,1,1,0,0,0,1,0,0,0,1,0
"ID189",0,1,0,1,1,0,1,1,1,1,0,1,1,0,1,1,1,1,1,0
"ID190",0,0,0,0,1,0,0,0,1,1,1,0,0,0,1,0,0,0,1,0
"ID191",0,1,1,0,0,0,1,1,0,0,0,0,1,0,0,1,1,1,0,0
"ID192",1,1,1,0,0,0,1,1,0,0,0,1,0,0,0,1,1,1,0,0
"ID193",0,0,0,0,1,0,0,0,1,1,1,1,0,0,0,0,0,0,1,0
"ID194",1,1,0,0,0,0,1,1,0,0,0,0,1,0,0,1,1,1,1,0
"ID195",1,1,1,1,1,1,1,1,1,1,1,1,1,1,1,1,1,1,1,1
"ID196",1,0,0,1,1,0,0,0,1,1,1,0,0,1,1,0,0,0,0,0
"ID197",1,1,0,0,1,0,1,1,1,1,1,0,1,0,1,0,1,1,1,0
"ID198",1,1,0,0,1,0,1,1,1,0,1,0,1,0,1,1,1,1,1,0
"ID199",1,1,1,1,1,1,0,0,1,1,1,1,1,1,1,0,1,0,1,1
"ID200",0,0,1,0,1,0,0,0,1,0,0,0,0,0,1,0,0,0,1,0
"ID201",1,1,1,0,0,0,1,1,1,1,0,0,1,0,1,1,1,1,1,0
"ID202",0,0,1,1,1,0,0,0,0,0,0,0,0,0,0,0,0,0,0,0
"ID203",0,1,0,0,0,0,0,0,1,1,0,0,0,0,1,0,0,0,1,0
"ID204",0,0,0,0,1,0,0,0,1,1,1,0,0,0,1,0,0,0,1,0
"ID205",0,0,0,0,0,0,0,0,1,0,1,0,0,1,1,0,0,0,1,0
"ID206",0,0,0,0,1,0,0,0,1,1,0,0,0,1,1,0,0,0,1,0
"ID207",1,0,0,0,0,0,0,0,1,1,1,0,0,0,1,0,0,1,0,0
"ID208",0,0,1,1,0,1,0,0,0,0,1,1,0,0,0,0,0,0,1,1
"ID209",0,0,1,0,1,0,1,1,1,1,1,0,0,0,1,1,1,1,1,0
"ID210",0,0,0,0,1,0,0,0,1,1,0,0,0,0,1,0,0,0,1,0
"ID211",0,0,0,1,0,0,0,0,1,1,0,0,0,0,1,0,1,0,1,0
"ID212",1,1,1,0,1,0,1,1,1,1,1,1,1,0,1,1,1,1,1,0
"ID213",1,1,1,1,0,1,0,0,1,1,1,1,1,1,1,0,0,0,1,1
"ID214",1,1,0,0,1,0,0,1,1,0,1,0,0,1,0,1,1,1,1,0
"ID215",1,0,1,1,0,1,0,0,1,1,1,1,0,1,0,0,0,0,1,1
"ID216",0,0,0,0,1,0,0,0,1,1,0,0,0,0,1,0,1,0,1,0
"ID217",1,1,0,0,1,0,1,1,1,1,0,0,1,0,1,1,1,1,1,0
"ID218",0,0,0,0,1,0,0,0,1,1,1,0,0,0,1,0,0,0,1,0
"ID219",0,1,0,0,1,0,0,0,1,1,1,0,0,1,1,0,0,0,1,0
"ID220",1,0,0,0,1,0,0,0,1,1,0,0,0,0,1,0,0,0,0,0
"ID221",0,1,0,1,1,0,1,1,1,1,0,0,1,0,1,1,1,1,1,0
"ID222",1,1,1,0,1,0,1,1,1,1,0,0,1,0,1,1,1,1,1,0
"ID223",1,1,1,1,1,1,1,1,1,1,1,1,1,1,1,1,1,1,1,1
"ID224",1,0,0,0,0,0,1,1,1,1,1,0,0,0,1,1,1,1,1,0
"ID225",0,0,0,0,0,0,0,0,0,0,0,0,1,0,1,0,0,0,0,0
"ID226",0,1,0,0,0,0,0,0,1,1,0,1,0,1,1,0,0,0,1,0
"ID227",1,1,0,0,1,0,1,1,0,1,0,0,0,0,1,1,0,1,1,0
"ID228",0,0,0,0,0,0,0,0,0,0,0,0,0,0,0,1,0,0,0,1
"ID229",0,0,0,1,0,0,0,0,0,0,0,0,0,0,0,0,0,0,0,0
"ID230",1,1,1,0,1,0,1,1,1,0,1,0,0,1,1,1,1,1,1,0
"ID231",1,1,0,0,1,0,1,1,1,1,1,0,1,1,1,1,0,1,0,0
"ID232",1,1,0,0,1,0,1,1,1,1,0,1,1,0,1,1,0,1,0,1
"ID233",0,1,0,0,1,1,0,0,1,1,1,0,0,0,0,0,0,0,1,0
"ID234",1,1,0,0,1,0,1,1,1,1,0,0,1,1,1,1,1,1,0,0
"ID235",0,1,0,0,0,0,1,1,0,0,0,0,1,0,0,1,1,1,0,0
"ID236",0,1,0,0,1,0,0,0,1,1,0,0,1,1,1,0,0,0,1,0
"ID237",0,0,0,1,0,0,0,0,1,1,1,0,0,0,0,0,0,0,0,0
"ID238",1,0,1,1,1,0,1,1,1,1,1,0,1,1,1,1,1,1,0,0
"ID239",1,1,0,0,1,0,1,1,1,1,1,0,1,1,1,1,0,1,1,0
"ID240",0,0,0,1,1,0,0,0,1,1,1,0,0,0,1,0,0,0,1,0
"ID241",1,1,0,0,0,0,0,0,1,1,1,0,0,1,1,1,0,0,0,0
"ID242",0,1,0,0,1,0,0,0,0,1,1,0,0,0,0,0,0,0,1,0
"ID243",1,1,0,0,1,0,1,1,1,0,0,0,0,0,1,1,0,1,1,0
"ID244",0,1,0,0,0,0,0,0,1,1,0,0,0,1,0,0,0,0,0,0
"ID245",0,0,0,0,1,0,0,0,1,1,0,0,0,1,1,0,0,0,1,0
"ID246",1,1,1,1,1,1,1,1,1,1,1,1,1,1,1,1,1,1,1,1
"ID247",1,1,0,0,1,0,1,1,1,1,0,1,1,0,1,1,1,1,1,0
"ID248",1,1,1,1,1,0,0,1,0,0,0,0,1,0,1,1,1,1,0,0
"ID249",0,1,0,0,0,0,0,0,1,1,0,0,0,1,1,0,0,0,1,0
"ID250",1,0,1,0,1,0,1,1,1,1,0,0,1,1,1,1,1,1,1,0
"ID251",0,0,0,0,0,0,0,0,1,1,1,0,0,1,1,0,0,0,1,0
"ID252",1,1,1,1,1,1,1,1,0,0,1,1,1,1,0,1,1,1,1,1
"ID253",1,1,0,1,0,0,1,1,1,1,0,0,0,0,1,1,1,1,0,0
"ID254",1,1,0,0,1,0,1,1,1,1,1,0,0,1,1,1,1,1,1,0
"ID255",0,0,0,0,0,0,0,0,1,1,0,0,0,1,0,0,0,0,0,0
"ID256",1,1,1,1,0,1,0,0,0,1,1,1,0,1,1,0,1,0,1,1
"ID257",1,1,1,0,1,0,1,1,1,1,1,0,1,0,1,1,1,1,1,0
"ID258",1,1,0,0,1,0,1,1,1,1,0,0,0,1,1,1,1,1,1,0
"ID259",1,1,0,1,1,1,1,1,0,1,1,1,1,1,1,1,1,1,1,1
"ID260",0,0,1,0,1,0,0,0,0,0,0,0,0,0,0,0,0,0,0,0
"ID261",1,1,0,0,1,0,1,1,1,1,0,0,1,0,1,1,1,1,1,0
"ID262",1,0,0,0,0,0,0,0,1,1,0,0,0,1,1,0,0,0,1,0
"ID263",1,0,1,1,1,1,0,0,1,1,1,1,0,1,1,0,1,0,1,1
"ID264",0,0,0,0,1,0,0,0,0,0,0,0,0,0,0,0,0,0,0,0
"ID265",1,1,0,0,1,0,1,1,0,1,1,0,1,0,1,1,1,1,1,0
"ID266",1,0,1,0,1,0,1,1,1,1,0,0,1,1,0,1,1,1,1,0
"ID267",1,1,0,0,0,0,0,0,1,1,1,0,0,0,1,0,1,0,1,0
"ID268",0,0,1,0,0,0,0,0,1,1,0,0,0,0,0,0,0,0,1,0
"ID269",0,1,0,0,1,0,0,0,1,1,0,0,0,0,1,0,0,0,1,0
"ID270",0,1,0,1,0,0,0,0,1,1,0,0,0,1,1,0,0,0,1,0
"ID271",0,0,1,0,1,1,0,0,1,1,0,0,0,0,1,0,0,0,1,0
"ID272",1,1,1,0,1,0,1,1,0,0,1,0,1,0,0,1,1,1,0,0
"ID273",0,0,1,0,1,0,1,1,1,0,0,0,1,0,1,1,1,1,1,0
"ID274",1,1,0,0,1,0,1,1,1,0,0,0,1,0,1,1,1,1,0,0
"ID275",1,1,1,0,1,0,1,1,1,1,1,0,1,1,1,1,1,1,1,0
"ID276",0,1,0,0,1,0,0,0,0,1,0,0,0,1,1,0,0,0,1,0
"ID277",0,0,0,0,0,0,0,0,1,1,0,0,0,0,1,1,0,0,0,0
"ID278",0,1,1,1,1,1,0,0,1,1,1,1,1,1,1,0,1,0,1,1
"ID279",0,1,1,0,1,0,0,0,1,1,0,0,0,0,1,0,0,0,1,0
"ID280",0,1,0,0,1,0,0,0,1,1,0,0,0,0,1,0,0,0,1,0
"ID281",1,1,0,0,1,0,1,1,0,0,0,0,1,0,0,1,1,1,1,1
"ID282",1,1,0,0,1,0,1,1,1,0,0,0,0,1,1,0,1,0,1,0
"ID283",0,1,0,0,0,0,1,1,0,0,0,0,0,0,0,1,1,1,0,0
"ID284",1,1,1,0,1,1,1,1,1,0,1,0,1,0,1,1,1,1,1,0
"ID285",1,1,0,0,1,0,1,1,0,0,0,0,0,0,0,1,1,1,0,0
"ID286",0,0,1,0,0,0,0,0,0,0,0,0,0,0,0,0,0,0,0,0
"ID287",0,0,0,0,1,0,0,0,0,1,1,0,0,0,1,0,0,0,1,0
"ID288",0,1,0,0,0,1,0,0,1,1,1,0,1,0,1,0,0,0,1,0
"ID289",0,1,0,0,0,0,0,0,0,1,1,0,0,1,1,0,0,0,1,0
"ID290",1,0,0,0,1,0,1,1,1,1,1,0,1,0,1,0,0,1,1,0
"ID291",0,0,1,0,0,0,0,0,1,1,0,0,0,1,0,0,0,0,1,0
"ID292",0,0,0,0,0,0,0,0,1,1,0,0,0,0,1,0,0,0,1,0
"ID293",1,1,0,0,1,0,1,1,1,1,1,0,1,1,1,1,1,1,1,0
"ID294",1,1,0,0,1,1,1,1,1,0,0,0,1,0,1,1,1,1,1,0
"ID295",0,0,1,0,0,0,0,0,0,1,1,0,0,1,1,0,0,0,1,0
"ID296",0,0,0,0,0,0,0,0,1,1,0,0,0,0,1,0,0,1,1,0
"ID297",1,1,1,1,1,1,1,1,0,1,1,1,1,1,1,1,1,1,1,1
"ID298",0,1,1,1,1,0,1,1,1,1,0,0,1,0,1,1,0,1,1,0
"ID299",0,1,0,0,1,0,1,1,1,0,0,0,1,1,1,0,0,1,1,0
"ID300",0,1,0,1,1,1,0,0,1,1,1,0,0,1,1,0,0,0,1,0
"ID301",1,1,1,0,1,0,1,1,1,1,1,0,1,0,1,1,1,1,1,0
"ID302",0,0,0,1,0,0,0,0,1,1,0,0,0,0,0,0,0,0,0,1
"ID303",0,0,0,0,0,0,0,0,0,0,1,0,0,0,0,0,0,0,0,0
"ID304",1,1,0,0,1,0,1,1,1,1,1,0,1,1,1,1,1,1,0,0
"ID305",0,0,0,1,1,0,0,0,1,1,1,0,0,1,1,1,0,0,1,0
"ID306",1,1,0,0,1,0,0,1,1,1,0,0,0,0,1,1,1,1,1,0
"ID307",0,0,0,0,0,0,0,0,1,1,0,0,0,0,1,0,0,0,1,0
"ID308",1,1,1,1,1,1,1,1,1,1,1,1,1,1,1,1,1,1,1,0
"ID309",1,1,1,0,1,1,1,1,1,0,1,1,1,1,1,1,1,1,1,1
"ID310",1,1,0,0,1,0,1,1,1,1,1,0,1,1,1,1,1,1,1,0
"ID311",0,1,0,0,1,0,0,0,1,1,0,1,0,0,1,0,0,0,1,0
"ID312",0,0,0,0,0,0,0,0,0,0,0,0,0,0,0,0,0,0,0,0
"ID313",0,0,0,0,0,0,0,0,1,1,1,0,0,0,1,0,0,0,0,0
"ID314",0,0,0,0,0,0,0,0,1,0,1,1,0,0,1,0,0,0,1,0
"ID315",0,0,1,0,1,0,0,0,1,1,0,0,0,0,1,0,0,0,1,0
"ID316",1,1,1,0,1,0,1,1,1,1,0,0,0,1,1,1,1,1,1,0
"ID317",1,0,0,0,1,0,1,1,1,1,1,1,1,1,1,1,1,1,0,0
"ID318",1,1,1,0,1,0,1,1,0,1,0,0,1,0,1,1,1,1,1,0
"ID319",0,1,0,0,1,0,1,1,1,1,1,0,0,0,1,1,1,1,1,0
"ID320",1,1,0,0,0,1,1,1,1,1,1,0,0,0,0,1,1,1,0,0
"ID321",0,0,1,0,0,0,0,0,1,1,1,0,0,0,1,0,0,0,1,0
"ID322",0,0,0,0,1,0,0,0,1,0,0,0,0,0,1,0,0,0,1,0
"ID323",0,1,0,0,0,0,0,0,1,1,0,0,0,0,1,0,0,0,1,0
"ID324",0,0,0,0,0,1,0,0,0,0,0,0,0,0,0,0,0,0,0,0
"ID325",1,1,0,0,1,0,1,1,1,1,1,1,0,1,1,1,0,1,1,0
"ID326",0,1,0,0,1,0,1,1,1,0,1,0,1,1,0,1,1,1,0,0
"ID327",1,1,1,0,1,0,1,1,1,1,0,0,1,1,1,1,1,1,0,0
"ID328",0,1,0,0,1,0,0,0,1,1,0,0,0,0,0,0,0,0,1,0
"ID329",1,1,0,0,1,0,1,1,1,1,1,0,1,0,1,0,1,1,1,0
"ID330",1,1,1,0,1,0,1,1,1,1,0,0,0,1,1,1,1,1,0,0
"ID331",0,1,0,1,1,0,1,1,1,1,0,0,0,0,1,1,0,0,1,0
"ID332",1,1,0,0,1,0,1,1,1,0,0,0,1,0,1,1,1,0,1,0
"ID333",1,0,1,1,1,1,0,0,1,1,1,1,0,1,1,1,0,0,1,1
"ID334",1,1,1,0,1,0,1,1,0,0,0,0,0,0,1,1,1,1,0,0
"ID335",0,1,0,0,1,0,1,1,0,1,0,0,1,0,1,1,1,1,1,0
"ID336",1,1,0,0,1,0,1,1,1,1,0,0,1,0,0,1,0,1,1,0
"ID337",0,0,0,0,1,0,0,0,1,1,0,0,0,0,1,0,0,0,1,0
"ID338",1,1,1,1,1,0,1,1,0,1,1,1,1,1,1,1,1,1,1,1
"ID339",0,1,0,0,0,0,0,0,1,1,0,0,1,1,1,0,0,0,1,0
"ID340",1,1,0,1,1,0,1,1,1,1,0,0,1,1,1,1,0,1,0,0
"ID341",0,1,0,0,1,0,0,0,1,1,0,0,0,1,1,0,0,0,1,0
"ID342",1,1,0,0,1,0,1,1,1,1,0,0,1,1,1,1,1,1,1,0
"ID343",0,1,0,0,1,0,1,1,1,1,0,0,1,1,1,1,1,1,1,0
"ID344",1,1,1,0,0,0,1,1,1,1,1,0,1,0,1,1,0,1,1,0
"ID345",0,1,0,0,1,0,0,0,1,1,1,0,0,0,1,0,0,0,1,0
"ID346",1,1,1,1,1,1,1,1,1,1,0,1,1,1,1,1,1,1,1,1
"ID347",0,0,0,0,0,0,0,0,1,1,1,1,0,0,1,1,0,0,1,0
"ID348",1,1,0,0,1,0,1,1,1,1,1,0,1,0,1,1,1,1,0,0
"ID349",0,0,0,0,1,1,0,0,1,1,0,0,0,0,1,0,0,0,0,0
"ID350",0,0,0,0,0,0,0,0,1,0,1,0,0,0,1,1,0,0,1,0
"ID351",0,1,1,0,1,1,0,0,1,1,1,0,0,0,1,0,0,0,1,0
"ID352",1,1,1,0,1,0,1,1,1,1,1,0,1,0,1,1,1,1,1,0
"ID353",0,1,0,0,1,0,0,0,1,1,1,0,1,1,1,0,0,0,1,0
"ID354",0,0,0,0,1,0,0,0,0,0,0,0,0,0,0,0,0,0,0,0
"ID355",1,1,0,0,1,0,1,1,1,0,1,0,1,0,1,1,1,1,0,0
"ID356",1,1,1,1,1,1,1,1,1,1,1,1,1,1,0,1,1,1,1,1
"ID357",0,0,0,0,0,0,0,0,1,1,1,1,0,1,1,0,0,0,1,0
"ID358",1,1,0,0,1,0,1,1,1,1,1,0,1,1,1,1,1,1,0,0
"ID359",0,0,0,0,1,0,0,0,1,1,0,0,0,1,0,0,0,0,1,0
"ID360",1,1,0,0,0,0,1,1,1,1,0,0,1,1,0,1,1,1,0,0
"ID361",1,1,1,1,1,1,1,1,1,1,1,1,1,1,1,1,1,1,1,1
"ID362",1,1,1,1,1,1,1,1,1,1,1,1,1,1,1,1,1,1,1,1
"ID363",0,1,0,0,1,1,1,1,1,1,0,1,1,0,1,1,1,1,1,0
"ID364",0,1,0,0,1,1,0,0,1,1,1,0,0,0,1,0,0,0,1,0
"ID365",1,1,1,0,0,0,1,1,1,1,0,0,0,1,1,1,0,1,0,0
"ID366",1,1,0,0,1,0,1,1,1,1,1,0,1,0,1,1,1,1,0,0
"ID367",1,1,0,0,1,0,1,1,1,1,1,1,1,0,1,1,1,1,1,1
"ID368",0,1,0,0,1,0,1,1,0,1,1,0,0,0,1,1,1,1,0,0
"ID369",0,0,0,0,0,0,0,0,1,1,1,0,0,1,1,0,0,0,1,0
"ID370",1,1,1,1,0,1,0,0,1,1,1,1,0,1,1,1,1,0,1,1
"ID371",0,1,0,0,0,0,1,1,1,1,1,0,0,0,1,1,0,1,1,0
"ID372",0,1,0,0,0,0,0,0,1,1,1,0,1,1,1,1,1,0,0,0
"ID373",0,0,0,0,0,0,0,0,1,1,1,0,0,0,1,0,0,0,1,0
"ID374",1,1,1,0,1,0,0,1,1,1,0,0,0,0,1,1,1,1,0,0
"ID375",0,0,0,0,1,0,0,0,0,0,0,0,0,0,0,0,0,1,1,0
"ID376",0,0,0,0,1,0,0,0,1,1,0,0,0,0,1,0,0,0,0,0
"ID377",0,0,0,0,0,0,0,0,1,1,1,0,0,0,1,1,0,0,0,0
"ID378",0,0,0,0,1,0,0,0,1,1,0,0,0,1,1,1,0,0,1,0
"ID379",1,1,1,0,0,1,1,1,1,1,1,0,1,0,1,1,1,1,1,0
"ID380",1,1,0,0,1,0,1,1,1,1,0,0,1,1,1,1,1,1,1,0
"ID381",0,1,1,0,1,0,1,1,1,1,0,0,0,0,1,0,1,1,1,0
"ID382",0,1,0,0,1,0,0,0,1,1,1,0,0,1,1,0,0,0,1,0
"ID383",0,0,0,0,0,0,0,0,1,1,0,0,0,0,1,0,0,0,1,0
"ID384",1,1,1,1,1,1,1,1,1,1,0,1,1,1,1,1,1,1,1,1
"ID385",1,1,1,0,1,0,1,1,1,1,0,0,0,1,1,1,1,1,0,0
"ID386",1,0,0,1,1,0,0,0,1,1,0,0,0,0,1,0,0,0,1,0
"ID387",1,0,0,0,0,0,0,0,0,0,0,0,1,0,0,0,0,0,0,0
"ID388",1,1,1,1,1,1,1,1,1,0,1,1,1,1,1,1,1,1,1,1
"ID389",1,1,1,0,1,0,1,1,1,1,1,1,1,1,1,1,1,1,1,1
"ID390",0,0,0,0,1,0,0,0,1,0,1,1,0,1,1,0,0,0,1,0
"ID391",1,0,0,0,1,0,0,0,1,1,0,0,0,1,1,0,0,0,0,0
"ID392",0,0,0,0,0,0,0,0,0,0,0,1,0,0,1,0,0,0,0,0
"ID393",0,1,1,1,1,1,1,1,0,1,1,1,1,1,0,1,1,1,1,1
"ID394",0,0,0,1,0,0,0,0,0,1,0,0,0,0,1,0,0,0,0,0
"ID395",0,0,0,0,0,0,0,0,0,0,0,0,0,0,0,0,0,0,0,0
"ID396",0,0,0,0,0,0,0,0,0,1,0,0,0,0,0,0,0,1,0,0
"ID397",0,0,0,0,0,0,0,0,0,0,0,0,0,0,0,1,0,0,0,0
"ID398",1,1,0,0,1,0,1,1,1,1,1,0,1,0,1,1,1,1,0,0
"ID399",0,0,0,0,0,0,0,0,1,1,0,0,0,1,1,0,0,0,1,0
"ID400",0,0,0,0,0,0,0,0,0,0,0,0,0,0,0,0,0,0,0,1
"ID401",0,0,0,1,1,1,0,0,1,1,0,0,0,1,1,0,0,0,0,0
"ID402",0,0,0,0,1,1,0,0,1,1,0,0,0,0,0,0,0,0,0,0
"ID403",0,0,0,0,1,0,0,0,0,1,0,0,0,1,1,1,0,0,1,0
"ID404",0,0,0,0,0,0,0,0,0,0,0,0,0,0,0,0,0,0,1,0
"ID405",1,1,0,0,0,0,0,0,1,1,0,0,0,1,1,0,0,0,1,0
"ID406",0,0,0,0,0,0,0,0,1,1,1,0,0,1,1,0,0,0,0,0
"ID407",1,1,1,1,0,0,0,0,0,1,1,1,1,1,1,0,1,0,1,1
"ID408",0,1,0,0,1,0,1,1,1,1,0,0,1,1,0,1,1,1,1,0
"ID409",1,1,1,1,1,1,1,1,1,1,1,1,1,1,1,1,1,1,1,1
"ID410",0,1,0,0,1,0,0,0,1,1,1,0,0,0,1,0,0,0,1,0
"ID411",0,0,0,0,0,0,0,0,1,1,1,0,0,1,1,0,0,0,1,0
"ID412",0,0,0,0,0,0,0,0,1,1,0,0,0,0,1,0,0,0,1,0
"ID413",0,0,1,0,1,0,0,0,1,1,1,0,0,0,1,0,0,0,1,0
"ID414",1,1,1,0,1,1,1,1,1,1,0,0,1,0,1,1,0,1,1,0
"ID415",0,0,0,0,1,0,0,0,1,1,0,0,0,1,0,0,0,0,1,0
"ID416",0,0,0,1,0,0,0,0,0,0,0,1,0,0,0,0,0,0,0,0
"ID417",1,1,1,1,1,1,1,1,0,0,1,1,1,1,0,0,1,1,1,1
"ID418",1,1,0,0,1,0,1,1,1,1,0,0,0,0,0,1,1,1,1,0
"ID419",1,1,1,0,0,0,1,1,0,0,0,0,1,1,0,1,1,1,0,0
"ID420",0,0,0,0,1,0,0,0,1,1,1,0,0,1,1,0,0,0,0,0
"ID421",0,0,0,0,1,0,0,0,1,1,0,0,0,0,1,0,0,0,1,0
"ID422",1,0,0,0,0,0,0,0,0,1,0,0,0,0,1,0,0,0,1,0
"ID423",0,0,0,0,0,0,1,0,1,1,1,0,1,0,1,0,0,0,1,0
"ID424",0,1,0,1,0,0,0,0,1,1,1,0,1,1,1,0,0,0,1,0
"ID425",1,1,0,0,1,0,1,1,1,1,1,0,1,1,1,1,1,1,1,0
"ID426",1,1,0,0,1,0,1,1,1,1,1,0,1,1,1,1,1,1,1,0
"ID427",1,1,0,0,1,0,1,1,0,1,0,0,1,1,1,1,1,1,1,0
"ID428",0,1,1,1,1,1,1,1,0,1,1,1,1,1,1,1,1,1,1,1
"ID429",0,0,0,0,0,0,0,0,0,0,0,0,1,0,0,0,0,0,0,0
"ID430",0,0,0,0,0,0,0,0,1,1,1,0,0,0,1,0,0,0,1,0
"ID431",0,1,0,0,1,1,1,1,0,0,0,0,1,0,1,1,1,1,0,0
"ID432",1,0,0,1,1,0,0,0,1,1,0,0,0,0,1,1,0,0,1,0
"ID433",1,1,0,0,0,0,1,1,1,1,1,0,0,0,1,1,1,1,0,0
"ID434",0,1,0,0,1,1,0,0,1,1,0,0,0,1,1,0,0,0,1,0
"ID435",1,0,0,1,1,1,0,0,1,0,1,1,1,1,1,0,0,0,1,1
"ID436",1,1,0,1,1,1,1,1,1,1,1,1,1,1,1,1,1,1,1,1
"ID437",0,0,0,0,1,0,0,0,0,0,0,0,0,0,0,0,0,0,0,0
"ID438",0,1,0,0,1,0,0,0,0,1,1,0,0,0,1,0,0,0,1,0
"ID439",1,1,1,1,1,1,0,0,0,1,1,1,0,1,1,0,1,0,1,1
"ID440",0,0,0,0,0,0,0,0,1,1,0,0,0,0,0,0,0,0,1,0
"ID441",1,1,1,0,1,0,1,1,1,1,1,0,0,0,0,1,0,1,1,0
"ID442",0,1,0,0,1,0,1,1,1,1,0,0,1,1,1,1,1,1,0,0
"ID443",1,1,1,0,1,0,1,1,1,1,0,0,1,1,1,1,1,1,1,0
"ID444",0,0,1,0,1,0,1,1,1,1,1,0,0,0,1,1,1,1,1,0
"ID445",1,1,0,0,1,0,1,1,1,0,1,0,1,0,1,1,1,1,1,0
"ID446",1,1,0,0,1,0,1,1,1,1,1,0,1,0,0,1,1,1,1,0
"ID447",0,1,0,0,0,0,0,0,1,1,0,0,0,0,1,0,0,0,1,0
"ID448",1,1,0,1,0,1,0,0,1,1,1,1,0,1,1,0,1,0,0,1
"ID449",0,0,0,0,1,0,0,0,1,1,1,0,0,1,1,0,0,0,0,0
"ID450",0,0,0,0,0,0,0,0,0,0,0,0,0,0,0,1,0,0,0,1
"ID451",0,0,0,0,0,0,0,0,0,0,0,0,0,0,0,1,0,0,0,0
"ID452",1,1,0,0,1,0,1,1,1,1,0,0,1,1,1,1,1,1,1,0
"ID453",0,0,0,0,1,0,0,0,1,1,0,0,0,1,1,0,0,0,1,0
"ID454",1,1,1,0,1,0,1,1,1,1,0,0,1,1,1,1,1,1,1,0
"ID455",0,1,0,0,0,0,0,0,0,1,0,0,0,1,1,0,1,0,0,0
"ID456",1,1,0,0,1,0,1,1,1,1,0,1,1,0,1,1,1,1,0,0
"ID457",0,1,0,0,0,1,0,0,1,1,0,0,0,1,1,1,0,0,1,0
"ID458",0,0,1,1,1,1,0,0,1,1,1,1,1,1,1,0,1,0,1,1
"ID459",0,1,1,1,1,1,1,1,1,1,1,1,1,1,1,1,1,1,1,1
"ID460",1,1,0,1,0,1,0,0,1,1,1,1,1,1,1,0,0,0,1,1
"ID461",0,0,0,0,1,0,0,0,1,1,0,0,0,1,1,0,0,0,1,0
"ID462",0,0,0,0,1,0,0,0,1,1,1,0,0,0,1,0,0,0,1,0
"ID463",0,0,0,0,0,0,0,0,0,0,0,1,0,0,0,0,0,0,0,0
"ID464",0,1,0,0,1,0,0,0,1,1,1,1,0,1,1,0,0,0,1,0
"ID465",1,1,1,1,1,0,1,1,1,1,0,0,1,0,1,1,1,1,1,0
"ID466",0,0,0,0,1,0,0,0,1,1,0,0,0,0,1,0,0,0,1,0
"ID467",1,1,0,0,0,0,0,0,1,1,1,0,0,1,1,0,0,0,1,0
"ID468",0,0,0,0,1,0,0,0,1,1,0,0,0,1,1,1,0,0,1,0
"ID469",1,0,1,1,0,0,0,0,0,1,1,1,1,0,1,0,0,0,0,0
"ID470",1,1,1,0,1,0,1,1,1,1,1,0,1,0,1,1,1,1,1,1
"ID471",1,1,1,1,0,1,1,1,1,1,1,0,1,1,1,0,1,1,0,1
"ID472",0,0,0,0,0,0,0,0,0,0,0,1,0,0,0,1,0,0,0,0
"ID473",0,0,0,0,0,1,0,0,1,0,0,0,0,0,0,0,0,0,1,0
"ID474",1,0,0,0,1,0,0,0,1,1,0,0,0,0,0,0,0,0,1,0
"ID475",1,1,0,0,1,0,1,1,1,1,0,0,0,1,1,1,1,1,1,0
"ID476",0,0,0,1,1,0,0,0,1,1,1,0,0,1,0,0,0,0,1,0
"ID477",1,1,0,0,1,0,1,1,1,1,1,0,1,1,1,1,0,1,0,0
"ID478",1,1,0,0,0,1,1,1,0,0,0,0,1,0,0,1,1,1,0,1
"ID479",1,1,0,0,1,0,1,1,1,1,1,0,0,1,1,1,1,1,1,0
"ID480",1,0,1,0,0,1,0,0,0,0,0,0,0,0,0,0,0,0,0,0
"ID481",1,1,1,1,1,0,1,1,1,1,0,1,0,0,1,1,1,1,1,0
"ID482",1,1,1,0,0,0,1,1,0,0,0,0,0,0,0,1,1,1,0,0
"ID483",0,1,0,0,0,0,0,0,1,1,0,0,0,1,1,0,0,0,1,0
"ID484",1,1,1,1,0,1,1,1,1,1,1,1,1,1,1,1,1,1,1,1
"ID485",0,0,0,0,1,0,0,0,1,1,0,0,1,0,1,0,0,0,0,0
"ID486",1,0,1,0,1,0,0,0,1,1,0,0,0,1,1,0,0,0,1,1
"ID487",0,0,0,1,0,0,0,0,0,0,0,0,0,0,0,0,0,0,0,0
"ID488",1,1,0,1,1,0,1,1,1,1,1,0,0,0,0,1,1,1,1,0
"ID489",1,1,0,0,1,0,1,1,1,1,0,0,1,0,1,1,1,1,1,0
"ID490",1,1,1,1,1,1,1,1,1,1,1,0,1,1,1,1,1,1,1,1
"ID491",0,1,0,0,0,0,0,0,0,1,0,0,0,1,1,0,0,0,1,0
"ID492",0,1,0,0,0,0,0,0,1,1,1,1,0,1,1,0,1,0,1,0
"ID493",0,0,0,0,1,0,0,0,1,1,1,0,0,0,1,0,0,0,1,0
"ID494",1,0,0,0,0,0,0,0,0,0,0,0,0,0,1,0,1,0,0,0
"ID495",1,1,1,1,1,1,1,1,1,1,1,1,1,1,1,1,1,1,1,1
"ID496",1,1,1,0,1,0,0,0,1,0,1,0,0,1,1,0,0,0,1,0
"ID497",0,1,0,0,1,0,0,0,1,1,1,0,0,0,1,0,1,0,1,0
"ID498",1,1,0,0,1,0,1,1,1,1,1,0,1,0,1,1,1,1,1,0
"ID499",1,1,0,0,1,0,1,1,1,1,1,0,1,0,1,1,1,1,0,0
"ID500",1,1,1,1,1,1,1,1,0,1,1,1,1,1,1,1,1,1,1,1
"ID501",1,1,1,1,0,1,0,0,0,1,1,1,0,1,1,0,1,0,1,1
"ID502",1,1,0,0,0,0,1,1,1,1,1,0,1,0,1,1,0,1,1,0
"ID503",0,1,0,0,0,0,0,0,0,1,1,0,0,0,1,0,0,0,1,0
"ID504",1,1,0,0,0,0,1,1,1,1,1,0,1,1,1,1,1,1,1,0
"ID505",1,1,1,1,1,0,1,1,1,1,1,1,1,1,1,1,1,1,1,1
"ID506",0,0,0,0,1,0,0,0,0,0,0,0,0,0,0,0,1,0,0,0
"ID507",0,1,1,0,1,0,1,1,1,0,1,0,1,1,1,1,1,1,1,0
"ID508",1,1,0,0,1,0,1,1,1,1,0,0,1,0,1,1,1,1,1,0
"ID509",0,1,0,1,1,1,0,0,1,0,1,1,1,1,1,0,1,0,1,1
"ID510",0,0,0,0,0,0,0,0,1,1,0,0,0,0,1,0,1,0,0,0
"ID511",0,0,0,1,1,0,0,0,1,1,1,0,0,1,1,0,0,0,1,0
"ID512",1,1,1,1,1,1,1,1,1,1,1,1,1,1,1,1,1,1,1,1
"ID513",0,0,1,0,0,0,0,0,1,1,0,0,1,0,1,0,0,0,1,0
"ID514",1,1,0,0,0,0,1,1,0,0,0,0,1,0,0,1,1,1,0,0
"ID515",1,1,0,0,1,0,1,1,1,1,0,0,1,0,1,1,1,1,1,0
"ID516",0,1,0,0,0,0,0,0,1,1,0,1,0,1,1,0,0,1,1,0
"ID517",1,1,1,1,0,1,0,0,1,1,1,1,1,1,1,0,1,0,1,1
"ID518",0,1,0,0,1,0,1,1,1,1,0,0,1,0,0,1,1,1,1,0
"ID519",1,1,1,1,1,1,1,1,1,0,1,1,1,1,0,1,1,1,1,1
"ID520",1,1,1,1,0,1,0,0,1,1,1,1,0,1,1,0,1,0,1,1
"ID521",1,1,1,0,1,0,1,1,1,1,1,0,1,0,1,1,1,1,1,0
"ID522",1,0,1,0,1,0,1,1,0,1,1,0,0,1,1,1,1,1,0,0
"ID523",1,1,0,0,1,0,1,1,1,1,1,0,0,1,1,1,1,1,1,0
"ID524",0,0,0,0,0,0,0,0,1,1,0,0,0,1,1,0,0,0,1,0
"ID525",0,0,0,0,0,0,0,0,0,0,0,0,1,0,0,1,0,0,0,0
"ID526",1,1,0,0,1,0,1,1,1,1,1,0,0,0,1,1,1,1,1,0
"ID527",1,1,0,0,1,0,1,1,1,0,0,0,1,1,1,1,1,1,1,0
"ID528",0,0,1,0,1,0,0,0,1,1,1,0,0,0,1,0,0,0,1,0
"ID529",0,1,0,0,1,0,0,0,1,1,1,0,0,1,0,0,1,0,1,0
"ID530",1,1,0,1,1,0,1,1,1,1,1,0,1,0,1,1,0,1,1,0
"ID531",0,0,0,1,1,0,0,0,1,1,1,0,1,0,1,0,0,0,1,0
"ID532",1,1,0,0,1,0,1,1,1,1,1,0,0,0,1,1,0,1,0,0
"ID533",1,1,1,1,1,1,1,1,1,1,1,1,1,1,1,1,1,1,1,1
"ID534",0,0,1,0,1,0,0,1,0,1,0,0,0,1,1,0,0,0,1,0
"ID535",0,0,0,0,0,0,0,0,0,0,0,0,0,1,0,1,0,0,0,0
"ID536",0,0,0,0,0,0,0,1,0,0,0,0,0,0,0,0,0,1,0,0
"ID537",1,1,1,1,1,1,1,1,1,1,1,1,1,1,1,1,1,1,1,1
"ID538",1,1,0,0,1,0,1,1,1,1,1,0,1,0,1,1,1,1,0,1
"ID539",1,1,0,0,1,0,0,1,1,1,0,0,1,0,1,1,1,1,1,0
"ID540",1,1,0,0,1,0,1,1,1,1,0,0,1,1,0,1,1,1,1,0
"ID541",0,1,0,1,1,0,1,1,1,1,1,1,1,1,1,1,1,1,1,1
"ID542",1,1,1,0,1,1,0,1,1,1,1,0,1,1,1,1,1,1,1,0
"ID543",0,1,0,0,1,0,0,1,1,1,0,0,0,1,0,1,1,1,0,0
"ID544",1,1,0,0,1,0,1,1,1,0,1,0,1,0,1,1,1,1,1,0
"ID545",1,1,1,1,0,1,1,1,1,1,1,1,1,1,1,1,1,1,1,1
"ID546",1,1,0,1,1,1,1,1,1,0,1,0,1,0,1,1,1,1,0,0
"ID547",1,1,0,0,1,0,1,1,1,1,0,0,1,1,1,1,1,1,1,0
"ID548",1,1,1,1,1,1,1,1,1,0,1,1,1,1,1,1,1,0,1,1
"ID549",0,0,0,0,0,0,0,0,0,0,0,0,1,0,0,0,0,0,0,0
"ID550",0,0,1,0,1,0,0,0,1,1,1,0,0,1,1,0,0,1,1,0
"ID551",0,1,1,0,1,0,1,1,0,1,1,0,1,1,0,1,1,1,0,0
"ID552",1,1,0,0,1,0,1,1,1,1,0,0,1,0,1,1,1,1,1,0
"ID553",0,0,1,0,0,0,0,0,1,1,1,0,0,1,1,0,0,1,0,0
"ID554",1,1,1,0,1,1,1,1,0,0,0,0,0,0,0,1,1,1,0,0
"ID555",1,1,1,1,1,1,1,1,1,1,1,1,1,1,1,1,1,1,1,1
"ID556",0,1,0,1,1,0,0,0,1,1,1,0,0,0,0,0,0,0,0,0
"ID557",1,0,0,0,1,0,0,0,1,1,0,0,0,1,1,0,0,0,1,0
"ID558",1,1,0,0,1,0,1,1,1,1,1,1,0,1,1,1,1,1,1,0
"ID559",1,1,1,1,1,1,1,1,1,1,1,1,1,1,1,1,1,1,1,1
"ID560",1,1,1,1,1,1,0,0,1,1,1,1,1,1,1,0,1,0,1,1
"ID561",1,1,1,1,1,1,1,1,1,1,1,1,1,1,1,1,1,1,1,1
"ID562",0,1,0,0,1,1,1,1,1,0,1,0,0,1,1,1,1,1,1,0
"ID563",1,1,0,0,1,0,1,1,1,1,0,0,1,1,1,1,1,1,1,0
"ID564",0,1,0,0,1,0,1,1,1,1,1,0,0,0,0,1,0,1,1,0
"ID565",1,1,0,0,1,0,1,0,1,1,1,0,1,1,1,1,1,1,1,0
"ID566",1,0,0,1,0,1,0,0,1,1,1,1,0,1,1,0,0,0,0,0
"ID567",1,1,1,1,1,1,1,1,1,1,1,1,1,1,1,1,1,1,1,1
"ID568",1,1,0,1,0,0,0,0,1,1,1,1,1,1,1,0,1,0,1,1
"ID569",0,0,0,0,1,0,0,0,1,1,0,1,0,1,1,0,0,0,1,0
"ID570",1,0,0,0,1,0,0,0,1,1,0,0,0,1,1,0,0,0,1,0
"ID571",0,1,0,0,1,1,1,1,1,1,0,0,1,0,1,1,0,1,1,0
"ID572",1,1,1,0,1,0,1,1,0,1,0,0,1,1,0,1,1,1,0,0
"ID573",0,0,1,0,0,0,0,0,1,0,0,0,0,1,0,0,0,0,0,0
"ID574",0,0,0,0,0,0,0,0,0,0,0,0,0,0,1,0,0,0,0,0
"ID575",1,1,0,0,1,0,1,1,1,1,1,0,1,1,1,1,1,1,1,0
"ID576",0,0,0,0,0,0,1,1,1,1,1,0,1,1,0,1,1,1,1,0
"ID577",1,0,0,0,1,0,0,0,1,1,1,0,0,0,1,0,0,1,1,0
"ID578",1,1,1,1,1,1,1,1,1,1,1,1,1,1,1,1,1,1,1,1
"ID579",1,1,1,0,1,0,1,0,1,1,0,0,1,1,1,1,1,1,1,0
"ID580",0,1,0,0,1,0,0,0,1,1,0,0,0,0,1,0,0,0,1,0
"ID581",1,0,0,0,1,0,1,1,1,1,0,0,1,0,1,1,1,1,0,0
"ID582",1,1,0,0,0,0,0,0,0,0,0,0,0,0,0,0,0,0,0,0
"ID583",1,1,0,0,1,0,1,1,1,1,0,0,1,0,1,1,1,1,1,1
"ID584",1,1,0,0,1,1,1,1,0,0,0,0,0,0,0,1,1,1,0,0
"ID585",1,1,0,0,0,0,1,1,1,1,1,0,1,1,1,1,1,1,1,0
"ID586",0,0,0,0,0,0,0,0,0,0,0,0,0,0,0,0,0,0,0,0
"ID587",0,1,1,1,1,1,1,1,1,1,1,1,1,1,1,1,1,1,1,1
"ID588",1,1,0,0,1,0,1,1,1,1,1,0,1,1,1,1,1,1,1,0
"ID589",0,0,0,0,1,0,0,0,1,0,1,0,0,0,1,0,0,1,1,1
"ID590",0,0,0,0,0,0,0,0,1,1,0,0,0,1,1,0,0,0,1,0
"ID591",0,1,1,1,0,1,0,0,1,1,1,1,1,1,1,0,0,0,1,1
"ID592",0,1,0,0,1,1,1,1,1,0,0,0,0,0,1,1,1,1,1,0
"ID593",1,0,0,1,0,1,0,0,0,0,1,1,1,1,0,0,0,0,1,1
"ID594",1,1,0,0,1,0,1,1,1,1,0,0,1,0,1,1,1,1,1,0
"ID595",0,0,0,0,0,0,0,0,1,1,1,0,1,0,1,0,1,0,1,0
"ID596",0,0,0,0,0,0,0,0,1,1,0,0,0,1,0,0,0,0,1,0
"ID597",1,1,1,1,0,1,1,1,1,1,1,1,1,1,1,1,1,1,1,1
"ID598",0,1,0,0,0,0,0,0,1,0,0,0,0,0,1,0,0,0,1,0
"ID599",0,0,1,1,1,0,0,0,1,1,1,0,0,0,1,0,0,0,1,0
"ID600",1,1,0,0,1,0,1,1,1,0,0,0,1,1,1,1,1,1,0,0
"ID601",1,1,1,1,1,1,1,1,1,1,1,1,1,1,1,1,1,1,1,1
"ID602",1,0,0,0,1,0,1,1,1,1,0,0,0,0,1,1,1,0,1,0
"ID603",1,1,1,0,1,1,0,1,1,1,1,0,1,0,1,1,0,1,1,0
"ID604",0,0,0,0,1,0,0,0,1,0,1,0,0,0,1,0,0,0,1,0
"ID605",0,0,0,0,1,0,0,0,0,1,1,1,0,1,1,0,0,0,1,0
"ID606",0,1,0,0,0,0,0,0,0,0,0,0,0,0,0,1,0,0,0,0
"ID607",1,0,0,0,0,0,0,0,0,0,0,0,0,0,0,0,0,0,0,0
"ID608",1,1,1,1,1,1,1,1,0,0,1,0,1,1,0,1,1,1,1,1
"ID609",1,1,1,1,0,1,0,0,1,1,0,1,0,1,0,0,0,0,1,1
"ID610",1,1,1,1,1,1,1,1,0,1,0,1,0,1,0,1,1,1,1,1
"ID611",1,1,1,0,1,1,1,1,0,0,0,0,1,0,0,1,1,1,0,0
"ID612",0,0,0,0,0,1,0,0,1,1,0,0,0,1,1,0,0,0,1,0
"ID613",1,1,1,1,1,1,1,1,0,1,1,1,1,1,1,1,1,1,1,1
"ID614",0,1,1,0,1,0,1,1,1,1,0,0,1,1,1,1,1,1,0,0
"ID615",1,1,1,1,1,1,1,1,1,1,1,1,1,1,1,1,1,1,1,0
"ID616",1,1,1,0,1,0,1,1,1,1,0,0,1,0,1,1,1,1,1,0
"ID617",0,1,0,0,0,0,0,0,1,1,0,0,1,1,1,0,0,0,1,0
"ID618",1,1,0,0,0,0,1,1,0,0,0,0,1,0,0,1,1,1,1,1
"ID619",1,0,0,0,1,0,1,1,0,1,0,0,0,0,0,1,1,1,0,0
"ID620",0,0,0,0,1,1,0,0,0,1,0,0,1,1,1,0,0,0,1,0
"ID621",1,1,1,0,1,0,1,1,0,1,0,0,1,1,1,1,1,1,1,0
"ID622",1,1,0,0,1,0,1,1,1,0,0,0,0,0,1,1,1,1,1,0
"ID623",1,1,1,0,1,1,1,1,0,0,0,0,1,0,0,1,1,1,0,0
"ID624",1,1,1,1,0,1,1,1,1,1,1,1,1,1,1,1,1,1,1,1
"ID625",1,1,1,0,1,1,1,1,1,1,0,0,1,1,1,1,1,1,0,0
"ID626",0,0,1,0,0,0,0,0,0,0,0,0,0,0,0,0,0,0,0,1
"ID627",0,0,0,0,0,0,0,0,1,1,1,0,0,1,1,0,0,0,1,0
"ID628",0,1,0,0,1,0,1,1,1,1,0,1,1,0,1,1,1,1,0,0
"ID629",1,1,0,0,1,0,1,1,1,0,1,1,1,0,1,1,1,1,1,0
"ID630",1,1,0,0,1,0,1,1,1,1,0,0,1,0,1,1,1,1,1,0
"ID631",1,1,1,1,1,1,0,0,1,1,1,1,0,1,1,0,0,0,1,1
"ID632",1,1,0,0,1,0,1,1,1,0,1,0,1,0,1,1,1,1,1,0
"ID633",0,0,0,0,0,0,0,0,1,1,1,0,0,1,1,0,0,0,0,0
"ID634",0,0,1,0,0,0,0,0,1,1,1,0,1,1,1,0,0,0,0,0
"ID635",1,1,0,0,1,0,1,1,1,1,1,0,1,0,1,1,1,1,0,0
"ID636",1,1,1,0,1,1,1,1,0,1,1,1,1,1,1,1,1,1,1,1
"ID637",1,0,0,1,1,0,0,0,1,1,0,0,0,1,1,0,0,0,1,0
"ID638",0,0,0,0,0,0,0,0,0,0,0,0,0,0,0,1,0,0,0,0
"ID639",1,1,0,0,1,0,1,1,0,0,0,1,0,0,0,1,0,1,0,0
"ID640",1,1,0,0,1,0,1,1,1,1,1,0,1,1,1,1,1,1,1,0
"ID641",0,0,0,0,0,0,0,0,0,0,0,0,0,0,1,1,0,0,0,0
"ID642",1,1,0,0,1,0,1,1,0,0,1,0,0,1,1,0,1,0,1,0
"ID643",1,0,0,0,1,0,0,0,1,1,1,0,0,0,0,0,0,0,1,0
"ID644",0,0,0,0,0,1,0,0,0,0,0,0,0,0,0,0,0,0,0,0
"ID645",1,0,0,0,1,1,0,0,1,1,1,0,0,1,1,0,0,0,1,0
"ID646",1,0,0,1,0,1,0,0,1,1,1,1,1,1,1,0,0,0,1,1
"ID647",0,1,0,0,1,0,0,0,1,1,0,0,0,0,1,0,0,0,1,0
"ID648",1,1,1,1,1,1,1,1,1,1,0,1,1,1,1,1,1,1,1,1
"ID649",1,1,1,1,1,1,1,1,1,1,1,1,1,1,0,1,1,1,1,1
"ID650",0,0,1,1,1,0,0,0,1,1,1,0,0,0,1,0,0,0,1,0
"ID651",0,1,0,0,0,0,0,0,0,0,0,0,0,0,0,0,1,0,1,0
"ID652",0,0,0,0,0,0,0,0,0,0,0,0,1,0,1,0,0,0,1,0
"ID653",1,1,1,0,1,0,0,1,1,0,1,0,1,1,1,1,1,1,1,0
"ID654",1,1,1,1,1,0,1,1,1,1,1,1,1,1,1,1,1,1,1,1
"ID655",0,1,0,0,1,0,0,0,1,1,0,0,0,1,0,1,0,0,1,0
"ID656",0,0,0,0,0,0,0,0,1,1,1,0,0,1,0,0,1,0,1,0
"ID657",1,1,1,1,1,1,1,1,1,1,0,1,1,1,1,1,1,1,1,1
"ID658",0,0,0,0,1,0,0,0,1,1,1,0,0,0,1,0,0,0,1,0
"ID659",0,1,0,0,1,1,0,0,1,1,0,0,0,0,1,0,0,0,1,0
"ID660",0,0,0,0,0,1,0,0,0,0,0,0,1,0,0,0,0,0,0,0
"ID661",0,1,0,0,0,0,0,0,0,0,1,0,1,0,1,0,0,0,1,0
"ID662",1,1,1,1,1,1,1,1,0,1,1,1,1,1,1,1,1,0,1,1
"ID663",0,0,0,1,1,0,0,0,1,1,1,0,0,0,1,1,0,0,0,1
"ID664",0,1,1,0,1,0,0,0,1,1,1,0,0,1,1,0,0,0,0,0
"ID665",1,1,0,0,1,0,1,1,1,1,0,0,1,1,1,1,1,1,1,0
"ID666",0,0,0,0,0,0,0,0,0,0,0,0,0,0,0,0,0,0,0,0
"ID667",0,0,0,0,0,0,0,0,0,1,0,0,0,0,0,0,0,0,0,0
"ID668",1,1,0,0,1,0,1,1,1,1,1,0,0,0,0,1,1,1,1,0
"ID669",1,0,1,1,0,0,0,0,1,1,1,1,1,1,1,1,1,0,1,1
"ID670",1,1,0,1,1,0,1,1,1,1,0,0,1,0,1,1,1,1,1,0
"ID671",1,0,1,1,1,1,1,1,1,1,0,0,1,1,1,1,1,1,1,1
"ID672",1,0,1,1,1,1,1,1,1,1,1,1,1,1,1,1,1,1,1,1
"ID673",0,1,1,0,1,0,0,0,1,1,0,0,0,0,1,0,0,0,1,0
"ID674",1,1,1,0,1,0,0,1,1,1,1,0,1,0,1,1,1,1,0,0
"ID675",0,1,0,0,0,0,0,0,1,1,1,0,0,1,1,0,1,0,1,0
"ID676",0,1,0,0,0,0,0,0,0,1,0,0,0,0,1,0,0,0,1,0
"ID677",1,1,1,1,1,1,1,1,1,0,0,1,1,1,1,1,1,1,1,1
"ID678",1,0,0,0,1,0,0,0,1,1,0,0,0,1,1,0,0,0,1,0
"ID679",1,1,0,0,1,0,1,1,1,1,0,0,0,0,1,1,1,1,1,0
"ID680",1,0,0,0,1,1,1,1,1,1,1,0,1,0,1,0,1,1,1,0
"ID681",1,1,0,0,1,0,1,1,1,1,1,0,1,0,1,0,1,1,1,0
"ID682",0,0,0,0,1,0,0,0,1,1,0,0,0,1,1,0,0,0,1,0
"ID683",0,1,0,1,1,0,0,0,0,1,1,0,0,0,1,0,0,1,0,0
"ID684",1,1,0,1,1,0,1,1,1,1,1,0,1,0,1,1,1,1,1,0
"ID685",0,0,0,0,0,0,0,0,0,0,0,0,0,0,0,1,0,0,0,0
"ID686",0,0,0,0,0,0,0,0,1,1,1,0,0,0,1,0,0,0,1,0
"ID687",0,0,0,0,0,0,0,0,0,1,0,0,0,1,1,0,1,0,1,0
"ID688",1,1,0,0,1,0,1,1,1,1,1,1,1,1,1,1,1,1,1,0
"ID689",1,1,0,0,1,0,1,1,1,0,1,0,0,1,1,1,1,1,0,0
"ID690",0,0,0,1,0,0,0,0,1,1,0,0,0,0,0,0,0,0,1,0
"ID691",1,1,0,0,0,0,1,1,1,1,0,0,0,0,1,1,1,1,0,0
"ID692",0,0,0,0,0,0,0,0,1,1,0,0,0,0,1,0,0,0,1,0
"ID693",1,0,0,0,1,0,1,1,1,1,1,0,1,0,1,1,1,1,1,0
"ID694",1,1,0,0,1,0,1,1,1,1,0,0,1,0,1,1,1,1,1,0
"ID695",1,1,1,0,1,1,1,1,1,1,1,0,1,0,1,1,1,1,1,0
"ID696",0,1,0,0,0,0,0,0,0,0,0,0,0,1,0,0,0,0,0,0
"ID697",1,1,1,1,1,1,1,1,1,0,1,1,1,1,1,1,1,1,1,1
"ID698",1,0,0,0,1,0,0,0,1,1,1,0,0,0,1,0,0,0,1,0
"ID699",0,0,0,0,0,1,0,0,1,1,1,0,0,1,1,0,0,0,0,0
"ID700",0,1,0,0,0,0,0,0,1,1,0,0,0,0,1,0,0,0,1,0
"ID701",0,0,1,0,1,0,0,0,1,1,1,0,0,0,1,1,0,0,1,0
"ID702",0,0,0,1,0,0,0,0,0,0,0,0,1,1,0,0,0,0,0,0
"ID703",1,1,0,0,1,0,1,1,1,1,0,0,1,0,1,1,1,1,1,0
"ID704",0,0,1,0,0,0,0,0,0,0,0,0,0,0,0,0,0,0,0,0
"ID705",0,0,0,0,0,0,0,0,0,0,0,0,0,0,0,0,0,0,0,0
"ID706",1,1,1,1,1,1,0,1,1,1,1,1,1,1,1,1,1,1,1,1
"ID707",1,1,0,0,1,0,1,1,1,1,1,0,1,1,1,1,1,1,1,0
"ID708",0,0,0,1,1,0,0,0,1,1,1,0,0,0,0,0,0,0,1,0
"ID709",1,1,1,1,1,1,1,1,1,1,1,1,1,1,1,1,1,1,1,1
"ID710",1,1,0,0,1,0,1,1,1,1,0,0,0,1,1,1,1,1,0,0
"ID711",1,1,0,0,1,0,1,1,1,1,0,0,1,1,1,1,1,1,1,0
"ID712",1,1,1,1,1,1,0,1,1,0,1,0,1,1,1,1,1,1,1,1
"ID713",0,0,0,0,1,1,0,0,1,1,0,0,0,1,1,0,0,0,1,0
"ID714",1,1,1,1,1,1,1,1,1,1,1,1,1,1,1,1,1,1,1,1
"ID715",0,0,0,0,1,0,0,0,1,0,0,0,0,1,1,0,0,0,1,0
"ID716",1,1,0,0,1,0,0,1,1,1,1,0,1,0,1,1,1,1,1,0
"ID717",0,0,0,0,1,0,0,0,1,1,1,0,0,0,1,0,0,0,0,0
"ID718",1,1,0,0,1,0,1,1,1,1,1,0,0,0,1,1,1,1,1,0
"ID719",0,1,0,0,1,0,0,0,1,1,0,0,0,0,1,0,0,0,1,0
"ID720",1,1,0,0,1,0,0,0,1,1,0,0,0,1,1,0,1,0,1,0
"ID721",1,0,0,0,1,1,1,1,1,1,0,0,1,0,1,1,1,1,0,0
"ID722",1,1,1,0,1,0,1,1,1,1,0,0,1,0,1,1,0,1,0,0
"ID723",1,0,0,0,0,0,0,0,1,1,1,0,0,1,1,0,0,0,1,0
"ID724",0,0,0,0,1,0,0,0,1,0,1,0,0,1,1,0,0,0,1,0
"ID725",1,1,0,1,1,0,1,1,1,0,0,0,1,0,1,1,1,1,1,0
"ID726",1,1,1,1,1,1,1,1,1,1,1,1,1,1,1,1,1,1,1,1
"ID727",0,0,0,0,1,0,0,0,1,1,0,0,0,0,1,0,0,0,1,0
"ID728",1,1,0,0,1,0,1,1,1,1,1,0,1,1,0,1,1,1,1,0
"ID729",1,0,0,0,0,0,0,0,0,0,0,0,0,0,0,0,0,0,0,0
"ID730",0,0,1,0,1,0,0,0,1,1,0,0,0,1,1,1,0,0,1,0
"ID731",0,0,0,0,1,0,0,0,1,1,1,0,1,1,1,0,0,0,1,0
"ID732",1,1,0,0,1,0,1,1,1,1,1,0,1,0,1,1,0,1,1,0
"ID733",1,0,1,1,1,1,0,0,0,1,1,1,1,1,0,0,0,0,1,1
"ID734",1,1,0,0,0,0,1,1,0,0,0,0,1,0,0,1,1,1,0,0
"ID735",0,1,0,0,1,1,1,1,1,1,1,0,1,0,1,1,1,1,1,0
"ID736",1,0,0,0,1,0,0,0,1,1,0,0,0,1,1,0,0,0,1,0
"ID737",0,1,0,0,1,0,1,1,0,1,1,0,1,1,1,1,0,1,0,0
"ID738",1,1,0,0,0,0,1,1,1,1,0,0,1,0,1,1,1,1,1,0
"ID739",1,1,0,0,1,1,1,1,1,1,0,0,1,0,1,1,1,1,1,0
"ID740",1,1,0,0,1,0,1,1,1,1,1,0,1,0,1,0,1,1,0,0
"ID741",0,1,1,0,1,0,1,1,0,0,0,0,0,0,1,1,1,1,0,0
"ID742",1,1,1,1,1,1,1,1,1,0,1,1,1,1,1,1,1,1,1,1
"ID743",0,1,1,0,1,0,1,1,0,1,0,0,1,1,1,1,1,1,1,0
"ID744",0,1,1,1,1,1,1,1,1,1,1,1,1,1,1,1,1,1,1,1
"ID745",0,0,0,0,1,0,0,0,1,1,0,0,0,0,1,1,0,0,0,0
"ID746",0,0,0,0,0,0,0,0,1,0,0,0,0,0,1,0,0,0,1,0
"ID747",1,1,1,1,0,0,0,1,1,1,0,0,1,1,1,1,1,1,1,0
"ID748",0,1,0,0,1,0,0,0,1,1,1,0,0,1,1,1,0,0,1,0
"ID749",1,1,0,0,1,1,0,1,1,1,0,0,1,1,1,1,1,1,0,0
"ID750",1,1,1,1,0,0,1,1,1,1,1,0,1,0,1,1,1,1,1,0
"ID751",0,0,0,0,1,0,0,0,0,1,1,0,0,1,1,0,0,0,0,0
"ID752",1,1,1,0,1,0,1,1,1,1,0,0,1,1,1,1,1,1,0,0
"ID753",1,1,1,0,1,0,1,1,1,1,0,0,1,0,1,1,1,1,1,0
"ID754",0,0,1,0,0,0,0,0,0,1,0,1,0,1,1,0,1,0,0,0
"ID755",1,1,0,0,1,0,1,1,1,0,1,0,1,1,1,1,1,1,0,0
"ID756",1,0,0,0,0,0,0,0,1,1,1,0,0,1,1,0,0,0,0,0
"ID757",1,1,0,0,1,0,1,1,1,1,0,0,1,1,1,1,1,1,1,0
"ID758",1,1,0,0,1,0,1,1,1,1,1,0,0,1,1,1,1,1,1,0
"ID759",1,0,0,0,0,0,0,0,1,0,0,0,0,0,1,0,0,0,1,0
"ID760",0,0,0,0,0,0,0,0,0,0,0,0,0,0,0,0,0,0,0,0
"ID761",1,1,0,0,1,0,1,1,1,1,0,0,0,0,1,1,1,1,1,0
"ID762",0,0,0,0,0,0,0,0,0,0,0,0,0,0,0,0,0,0,0,0
"ID763",1,1,0,0,1,1,1,1,1,1,0,0,1,0,1,1,1,1,0,0
"ID764",1,1,0,0,1,1,0,0,1,1,0,1,0,0,1,0,0,0,0,0
"ID765",0,1,0,0,1,0,1,1,1,1,1,0,1,1,1,1,1,1,1,0
"ID766",0,1,0,0,0,0,0,0,0,0,0,0,0,0,0,0,0,0,0,0
"ID767",0,1,1,0,1,0,1,1,1,1,1,0,0,1,1,1,1,1,0,0
"ID768",1,0,0,0,0,0,0,0,0,0,0,0,0,0,0,0,0,0,0,0
"ID769",0,0,0,0,0,0,0,0,1,1,0,0,0,1,1,0,0,0,1,0
"ID770",0,0,0,0,0,0,0,0,1,1,1,0,0,0,0,0,1,0,1,0
"ID771",0,0,0,0,1,0,0,0,1,1,0,1,0,0,1,0,0,0,1,0
"ID772",0,0,0,0,0,0,0,0,1,0,0,1,0,0,1,0,0,0,1,0
"ID773",1,1,0,0,1,0,1,1,1,1,1,0,1,0,1,1,1,1,1,0
"ID774",0,0,0,0,0,1,0,0,0,0,0,0,0,0,0,0,0,0,0,0
"ID775",0,0,0,0,0,0,0,0,1,1,0,1,0,0,1,0,0,0,1,0
"ID776",1,1,1,1,1,0,1,1,1,1,1,1,1,1,1,1,1,1,1,1
"ID777",0,0,0,1,1,1,0,0,1,1,1,1,1,1,1,0,1,0,1,1
"ID778",0,1,0,0,1,0,1,1,1,1,0,1,1,1,1,1,1,1,1,0
"ID779",1,1,1,1,1,1,1,1,1,1,1,1,1,1,1,0,1,1,1,1
"ID780",1,1,1,1,0,1,0,0,0,1,0,1,1,0,0,0,0,0,1,1
"ID781",0,0,0,0,0,0,0,0,0,1,1,0,0,1,1,0,0,0,1,0
"ID782",1,1,1,0,1,0,1,1,1,0,1,0,1,1,1,1,1,1,1,0
"ID783",0,1,0,0,1,0,1,1,1,1,0,0,1,0,1,1,1,1,1,0
"ID784",1,1,0,0,1,0,0,1,1,1,0,0,1,1,1,1,1,1,1,0
"ID785",0,0,0,0,0,0,0,0,1,1,1,0,0,0,1,0,0,0,1,0
"ID786",1,1,0,0,1,0,1,1,1,1,0,0,1,1,1,1,1,1,1,0
"ID787",1,0,0,0,1,0,0,0,1,1,0,0,0,0,1,1,0,0,0,0
"ID788",1,1,0,1,1,0,1,1,1,1,1,0,1,1,1,1,1,1,0,0
"ID789",1,1,0,1,1,1,0,0,1,1,1,1,1,1,1,0,0,0,1,1
"ID790",1,1,0,0,1,0,1,1,1,1,0,0,1,1,1,1,1,0,1,0
"ID791",0,0,0,0,1,0,0,0,1,1,0,0,0,0,1,0,0,0,1,0
"ID792",1,1,1,1,1,1,1,1,1,1,1,1,1,1,1,1,1,1,1,1
"ID793",1,1,1,0,0,0,1,1,1,1,0,0,1,0,1,1,1,1,1,0
"ID794",0,0,1,0,0,1,0,0,0,0,0,0,0,0,0,0,0,0,0,0
"ID795",0,1,0,0,0,0,0,0,1,1,1,0,0,1,1,0,0,0,0,0
"ID796",0,0,0,0,1,0,0,0,1,1,0,0,1,0,1,0,0,0,0,0
"ID797",0,1,0,0,1,0,0,0,1,1,0,0,0,0,1,1,0,0,1,0
"ID798",1,1,1,1,1,0,1,1,1,1,0,0,1,1,1,1,1,1,1,0
"ID799",1,1,1,0,1,0,1,1,1,1,0,0,1,1,0,1,1,1,0,0
"ID800",0,1,1,1,0,1,1,1,1,1,1,1,1,1,1,1,1,1,1,0
"ID801",0,0,0,1,0,0,0,0,1,1,0,0,0,0,1,0,0,0,1,0
"ID802",1,0,0,1,1,1,0,0,1,1,1,1,1,1,1,0,1,0,1,1
"ID803",0,1,1,1,1,1,0,0,1,0,1,0,1,1,1,0,0,0,1,1
"ID804",1,1,0,0,1,0,1,1,0,0,0,0,1,0,0,1,1,1,0,0
"ID805",0,0,0,0,0,0,0,0,1,0,0,0,0,1,1,0,0,0,1,0
"ID806",0,1,1,1,1,0,0,1,1,1,1,1,1,1,1,1,1,1,1,1
"ID807",1,1,1,0,1,0,1,1,1,1,1,0,1,0,1,1,1,1,1,0
"ID808",0,0,0,0,0,0,0,0,1,1,1,0,0,1,1,0,0,0,1,0
"ID809",1,0,1,1,1,1,1,1,1,1,1,1,1,1,1,1,1,1,1,1
"ID810",1,1,0,0,1,0,1,1,1,1,1,0,1,1,1,1,1,1,1,0
"ID811",0,0,0,1,0,0,0,0,0,0,0,0,0,0,0,0,0,0,0,0
"ID812",0,0,0,0,1,0,0,0,1,1,1,0,0,1,1,0,0,0,1,0
"ID813",0,0,0,0,0,0,0,0,1,1,1,0,0,0,1,0,1,0,0,0
"ID814",1,0,1,0,0,0,0,0,1,1,0,1,0,1,1,0,1,0,0,0
"ID815",1,1,1,1,1,0,1,1,1,0,0,0,1,1,1,1,1,1,1,0
"ID816",0,1,1,1,1,1,0,1,1,1,1,0,1,1,1,1,1,1,1,1
"ID817",1,1,0,0,0,0,1,1,1,1,1,0,1,0,1,1,1,1,1,0
"ID818",1,0,1,1,1,1,1,1,1,1,1,1,1,1,0,1,1,1,1,1
"ID819",0,0,0,0,0,0,0,0,1,1,1,0,0,1,1,0,0,0,1,0
"ID820",1,1,0,0,1,0,1,1,1,1,0,0,1,1,1,1,1,1,1,1
"ID821",1,1,0,0,1,1,1,1,0,1,1,0,1,0,1,1,1,1,1,0
"ID822",1,1,0,1,1,1,1,1,1,1,1,1,1,1,1,1,1,1,1,1
"ID823",0,1,0,1,0,0,0,0,1,1,0,0,0,0,1,0,0,0,1,0
"ID824",1,1,1,0,1,1,1,1,1,1,1,0,1,1,1,1,1,1,1,0
"ID825",1,0,0,1,0,0,0,0,1,1,1,0,0,1,1,0,0,1,0,0
"ID826",1,1,0,1,1,0,1,1,1,1,1,0,1,0,1,1,1,1,1,0
"ID827",1,1,1,0,1,0,1,1,1,1,1,0,1,0,1,1,1,1,1,0
"ID828",1,1,1,1,0,1,1,1,1,0,1,1,1,1,1,1,1,1,1,1
"ID829",0,0,1,0,0,0,0,0,1,1,1,0,0,0,1,0,0,0,1,0
"ID830",0,1,0,0,0,0,0,0,0,1,0,0,0,0,1,0,0,0,0,0
"ID831",1,1,0,0,1,0,1,1,0,0,0,0,1,0,0,1,1,1,0,0
"ID832",0,0,0,0,1,0,0,0,1,1,1,0,0,1,1,0,0,0,0,0
"ID833",0,0,1,0,1,0,0,0,1,1,1,0,0,1,1,0,0,0,1,0
"ID834",1,1,1,1,1,1,1,1,1,1,1,1,1,1,1,1,1,1,1,1
"ID835",1,1,1,0,1,0,1,1,0,1,0,0,1,0,0,1,1,1,1,0
"ID836",1,1,1,1,1,1,0,0,0,1,1,1,1,1,1,0,1,0,1,1
"ID837",1,1,0,0,0,0,0,1,0,0,0,0,1,0,0,1,1,1,0,1
"ID838",1,1,1,1,1,1,1,1,1,1,1,1,1,1,0,1,1,1,1,1
"ID839",0,0,0,0,0,0,0,0,0,0,1,0,0,0,0,0,0,0,0,0
"ID840",1,1,1,1,0,1,1,1,1,1,1,1,1,1,1,1,1,1,1,1
"ID841",0,0,1,0,1,0,0,0,1,1,1,0,0,0,0,0,0,0,1,0
"ID842",0,1,0,0,1,1,1,1,0,1,0,0,1,0,0,1,0,1,0,0
"ID843",1,1,0,0,0,0,1,1,1,1,0,1,0,0,1,1,1,1,0,0
"ID844",0,0,0,0,0,0,0,0,1,0,0,0,1,0,1,0,0,0,1,0
"ID845",0,0,0,0,1,0,0,0,1,1,1,0,0,0,1,0,0,0,1,0
"ID846",0,1,0,0,0,0,1,1,1,1,1,0,1,1,1,1,1,1,1,0
"ID847",0,0,0,0,0,0,0,0,1,1,0,0,1,0,1,0,1,0,1,0
"ID848",1,1,0,0,1,0,1,1,1,1,0,0,1,0,1,1,1,1,1,1
"ID849",0,0,0,0,1,0,0,0,1,0,0,0,1,0,1,0,0,0,1,0
"ID850",1,1,1,0,1,0,0,0,1,0,1,0,0,0,0,0,0,0,1,0
"ID851",0,0,0,1,0,0,0,0,0,0,0,0,0,0,0,0,0,0,0,0
"ID852",1,1,1,0,0,0,1,1,0,1,1,0,1,0,1,1,1,1,1,0
"ID853",1,1,1,1,0,0,1,1,1,1,1,0,0,1,1,1,1,1,1,0
"ID854",0,0,1,0,0,0,0,0,1,1,1,0,0,1,0,0,0,0,0,0
"ID855",0,1,0,0,1,0,1,1,0,0,0,0,1,0,0,1,0,1,0,0
"ID856",0,0,1,0,0,0,0,0,1,1,0,0,0,1,1,0,0,0,1,0
"ID857",1,1,0,0,1,0,1,1,0,0,0,0,1,0,1,1,1,1,1,0
"ID858",0,1,0,0,1,0,1,1,1,1,1,0,1,0,1,1,1,1,1,0
"ID859",1,1,1,0,1,0,1,1,1,1,0,0,1,0,1,1,1,1,1,0
"ID860",0,0,0,0,0,0,0,0,1,1,1,0,0,1,1,0,0,1,1,0
"ID861",1,1,0,0,0,0,0,1,0,0,0,0,1,0,0,1,1,1,0,0
"ID862",0,1,0,0,0,0,1,1,0,0,1,0,1,0,0,1,1,1,1,0
"ID863",0,0,0,0,0,0,0,0,1,1,1,0,0,0,1,0,0,0,1,0
"ID864",1,1,1,1,1,1,1,1,1,1,1,1,1,1,1,1,1,1,1,1
"ID865",1,1,0,0,1,0,1,1,0,0,0,0,0,0,1,1,1,1,0,1
"ID866",1,0,1,1,1,1,0,0,1,1,1,1,0,1,1,0,0,0,1,1
"ID867",1,1,1,0,1,0,1,1,1,1,1,0,1,1,1,1,1,1,0,0
"ID868",1,1,1,0,1,0,1,1,1,1,0,0,0,1,1,1,1,1,1,0
"ID869",1,0,0,0,0,1,0,0,0,1,0,0,0,1,1,0,0,0,1,0
"ID870",0,1,0,0,1,0,1,1,1,1,1,0,1,0,1,1,1,1,1,0
"ID871",1,1,1,1,0,1,1,1,0,0,1,1,1,1,1,1,1,1,1,1
"ID872",0,0,0,0,1,0,0,0,1,1,0,0,0,0,1,0,0,0,1,0
"ID873",1,1,0,0,0,0,0,0,1,1,1,0,0,0,1,0,0,0,0,0
"ID874",1,1,1,1,1,1,0,1,1,1,0,0,1,1,1,1,1,0,0,0
"ID875",1,1,1,1,1,1,1,1,1,1,1,1,1,1,1,1,1,1,1,1
"ID876",0,0,0,0,0,0,0,0,0,0,0,0,0,0,0,0,0,0,0,0
"ID877",0,1,0,0,0,0,0,0,1,1,1,0,0,0,1,0,0,0,1,0
"ID878",1,1,0,0,1,0,1,1,0,1,1,0,0,0,1,1,1,1,1,0
"ID879",1,1,0,0,1,0,1,1,1,1,0,0,1,1,1,1,1,1,0,0
"ID880",1,1,1,0,1,0,1,1,1,1,0,0,1,0,1,1,1,1,1,0
"ID881",0,0,1,1,1,0,1,1,0,0,0,0,1,0,0,1,1,1,0,0
"ID882",1,1,1,0,0,0,1,1,1,1,1,0,0,1,1,1,1,1,0,0
"ID883",1,1,1,1,1,1,0,0,1,1,1,1,0,1,0,0,0,0,1,1
"ID884",0,1,0,0,1,0,1,1,1,1,0,0,1,0,1,1,1,0,1,0
"ID885",1,0,0,0,1,0,1,1,1,1,1,0,1,0,1,1,1,1,0,0
"ID886",0,1,0,0,1,0,0,0,1,1,1,0,0,0,1,0,0,0,1,0
"ID887",0,0,0,0,1,0,0,0,1,1,0,0,0,1,1,0,0,0,1,0
"ID888",1,1,0,0,1,0,1,1,1,1,1,0,1,0,1,1,1,1,1,0
"ID889",1,0,0,0,1,0,0,0,1,1,0,0,0,0,0,0,0,0,0,0
"ID890",0,1,0,0,1,1,1,1,1,1,0,0,1,0,1,1,1,1,1,0
"ID891",1,0,0,0,0,0,0,0,1,1,1,1,0,0,1,1,0,0,1,0
"ID892",0,0,0,0,1,0,0,0,1,1,1,0,1,0,1,0,0,0,1,0
"ID893",1,1,1,0,1,0,1,1,1,1,1,0,1,1,1,1,1,1,1,0
"ID894",0,0,0,0,1,0,0,0,1,0,1,1,0,0,1,0,1,0,1,0
"ID895",0,0,0,1,1,0,0,0,1,1,1,0,0,1,1,0,0,0,1,0
"ID896",1,1,0,0,1,0,1,1,1,1,1,0,1,0,1,1,1,1,1,0
"ID897",0,1,0,0,1,0,1,1,0,1,1,0,1,1,1,1,1,1,1,0
"ID898",1,1,1,1,1,1,1,1,0,1,1,1,1,1,1,1,1,1,1,1
"ID899",1,1,0,0,1,0,1,1,1,1,1,0,1,1,1,1,0,1,1,0
"ID900",1,1,0,1,1,0,1,1,1,1,0,0,1,0,1,1,1,1,1,0
"ID901",1,1,1,1,0,0,0,0,1,0,1,1,1,1,1,0,0,0,1,1
"ID902",1,1,0,0,0,0,1,1,1,1,0,0,0,0,1,1,1,1,0,0
"ID903",1,1,0,0,1,0,1,1,1,1,1,0,1,0,1,1,1,1,1,0
"ID904",1,1,0,0,1,0,1,1,1,1,0,0,0,0,1,1,0,1,1,0
"ID905",0,1,0,0,0,0,0,0,1,1,1,0,0,1,1,0,0,0,0,0
"ID906",0,0,1,0,0,0,0,0,1,1,0,0,0,0,0,0,0,0,1,0
"ID907",1,1,1,0,1,0,1,1,1,0,0,0,0,1,1,1,1,1,0,0
"ID908",1,0,0,0,1,0,0,0,1,1,0,0,0,0,1,0,1,0,0,0
"ID909",1,1,1,1,1,0,0,0,1,1,1,1,1,1,1,0,1,0,1,1
"ID910",0,1,0,0,0,0,1,1,1,1,0,0,1,0,0,1,1,1,0,0
"ID911",1,1,0,0,1,0,1,1,1,0,0,0,1,0,1,1,1,1,1,0
"ID912",1,1,1,1,1,0,1,1,1,1,0,0,1,0,0,1,1,1,1,0
"ID913",0,1,1,1,1,0,1,1,1,1,1,1,1,1,1,1,1,1,1,1
"ID914",1,1,1,1,1,1,1,1,1,1,0,0,1,1,1,1,1,1,1,1
"ID915",1,1,1,1,1,1,1,1,0,1,1,1,1,1,1,1,1,1,1,1
"ID916",1,1,1,0,1,0,1,1,1,1,1,0,1,1,1,1,0,1,0,0
"ID917",1,1,0,0,0,0,1,1,1,0,1,0,1,0,1,1,1,1,1,0
"ID918",1,1,1,0,1,1,1,0,1,0,0,0,1,1,1,1,1,1,1,0
"ID919",0,1,0,0,1,1,0,0,0,1,0,0,0,1,1,0,0,0,1,0
"ID920",1,1,0,0,1,0,1,1,1,0,0,0,1,0,1,1,1,1,1,0
"ID921",0,1,1,1,1,1,1,1,1,1,1,1,1,1,1,1,1,1,1,0
"ID922",0,0,0,0,0,0,0,0,0,0,0,0,1,0,0,0,0,0,0,0
"ID923",0,0,0,1,1,0,0,0,1,1,1,0,0,0,1,0,0,0,1,0
"ID924",0,1,0,0,1,0,1,1,1,1,0,0,1,0,1,1,1,1,1,0
"ID925",1,0,1,0,1,0,0,0,1,1,1,0,0,1,1,0,0,0,1,0
"ID926",0,0,0,0,0,0,0,0,0,0,0,0,0,0,0,0,0,0,0,0
"ID927",1,0,1,1,0,1,0,0,0,0,1,1,1,1,0,0,0,0,1,1
"ID928",0,0,0,1,0,0,0,0,1,1,0,0,0,1,1,0,0,0,0,0
"ID929",0,1,1,0,0,1,0,0,1,1,0,0,1,0,1,0,0,0,1,0
"ID930",1,1,0,0,1,0,1,1,1,1,1,0,1,0,0,1,1,1,1,0
"ID931",0,0,0,0,0,0,0,0,1,1,1,0,0,0,1,1,0,0,1,0
"ID932",0,1,0,0,1,1,0,0,1,1,1,0,0,1,1,0,1,0,0,0
"ID933",1,0,0,0,0,0,0,0,1,1,1,0,1,1,1,0,0,0,1,0
"ID934",1,1,1,1,0,0,1,1,0,0,0,0,1,0,0,1,1,1,0,0
"ID935",1,1,1,0,1,0,1,1,1,1,0,0,1,1,1,1,1,1,1,0
"ID936",1,1,1,1,1,1,1,1,1,1,1,1,1,1,1,1,1,1,1,1
"ID937",0,1,1,0,1,0,1,1,1,1,0,0,1,0,1,1,1,1,1,0
"ID938",1,0,1,0,1,0,1,1,1,0,0,0,1,0,1,1,1,1,1,0
"ID939",0,1,1,1,1,1,1,1,1,1,1,1,1,1,1,1,1,1,1,1
"ID940",0,1,0,0,1,0,1,1,1,1,1,0,0,0,1,1,1,1,1,0
"ID941",1,0,1,1,0,1,0,0,0,0,1,0,1,0,0,1,0,0,0,1
"ID942",1,1,1,0,1,0,1,1,1,1,0,0,1,0,1,1,1,1,1,1
"ID943",1,1,1,0,1,0,1,1,1,1,1,0,1,0,1,1,1,1,1,0
"ID944",1,1,0,0,1,0,1,1,1,1,0,0,1,0,1,1,1,1,1,0
"ID945",1,1,0,0,1,1,1,1,1,1,1,1,0,0,1,1,1,1,0,0
"ID946",0,0,0,1,0,0,0,0,0,0,0,0,0,0,0,0,0,0,0,0
"ID947",1,1,0,0,0,0,1,1,0,0,0,0,1,0,0,1,1,1,0,0
"ID948",0,0,0,0,0,0,0,0,0,0,0,0,0,0,0,0,0,0,0,1
"ID949",0,0,1,0,0,0,0,0,0,0,0,0,0,0,0,0,1,0,0,0
"ID950",1,1,1,1,1,0,1,1,1,1,1,0,1,1,0,1,1,1,1,1
"ID951",0,1,0,0,1,0,1,1,1,1,1,0,1,0,1,1,1,1,1,0
"ID952",0,0,0,0,0,0,0,0,1,1,1,0,0,1,0,0,0,0,1,0
"ID953",1,1,1,1,1,0,1,1,1,1,1,1,1,1,1,1,1,1,1,1
"ID954",1,1,1,1,1,1,1,1,1,1,1,1,1,1,1,1,1,1,1,1
"ID955",1,1,1,0,1,0,1,1,0,1,1,0,1,1,1,1,1,1,1,0
"ID956",0,0,0,0,0,0,0,0,1,1,0,0,0,1,1,0,0,0,0,0
"ID957",1,1,1,0,1,0,1,0,1,1,0,0,1,1,1,1,1,0,0,0
"ID958",1,0,1,1,1,1,1,1,1,0,1,1,1,1,1,1,1,1,1,1
"ID959",1,1,0,0,1,0,1,1,1,1,1,0,0,0,1,1,1,1,1,0
"ID960",0,1,0,0,0,0,0,0,1,1,0,0,0,1,1,0,0,0,1,0
"ID961",0,1,0,1,0,0,0,0,1,1,0,0,0,1,1,0,0,0,1,0
"ID962",1,1,1,1,1,1,1,1,1,1,1,1,1,1,1,1,1,1,1,0
"ID963",1,1,0,0,1,0,0,1,1,1,0,0,0,1,1,1,1,1,1,0
"ID964",0,1,0,0,0,1,0,0,1,1,1,0,1,0,1,0,0,0,0,0
"ID965",0,0,0,0,0,0,0,0,0,0,0,0,0,0,1,0,0,0,0,0
"ID966",1,1,1,0,1,0,1,1,1,1,0,0,1,1,1,1,1,1,1,0
"ID967",1,0,0,0,0,0,0,0,0,0,0,0,0,0,0,0,0,0,0,0
"ID968",1,1,1,0,1,0,1,1,1,1,1,0,1,1,0,1,0,1,1,0
"ID969",0,1,0,0,0,0,0,0,1,1,1,0,0,0,1,1,0,0,1,0
"ID970",0,0,0,0,1,1,0,0,1,1,1,0,0,0,1,0,0,0,1,0
"ID971",0,0,0,0,0,0,0,0,1,1,1,0,0,0,1,0,0,0,1,0
"ID972",0,1,0,1,0,1,0,0,1,1,1,1,1,1,1,1,1,0,1,1
"ID973",1,0,0,0,0,0,0,0,1,1,1,0,0,1,1,0,0,0,0,0
"ID974",1,1,1,1,0,1,0,0,0,0,1,1,1,0,1,0,0,0,1,1
"ID975",1,1,1,1,0,1,0,0,1,1,1,1,1,1,1,0,1,0,1,1
"ID976",1,1,0,0,1,0,1,1,1,1,1,1,1,1,1,0,1,1,1,0
"ID977",0,1,0,0,1,0,1,1,1,1,1,0,0,1,1,1,1,1,1,0
"ID978",0,1,0,0,1,0,0,0,1,1,0,0,1,0,1,0,0,0,1,0
"ID979",0,0,0,0,0,0,0,0,1,1,0,0,1,1,1,0,0,0,1,0
"ID980",0,0,1,0,0,0,0,0,0,1,0,0,0,0,0,0,0,0,0,0
"ID981",1,0,0,1,0,1,0,0,1,1,1,1,1,1,1,1,0,0,1,1
"ID982",1,1,0,0,1,1,1,1,1,1,1,0,1,1,1,1,1,1,1,0
"ID983",1,1,1,0,1,1,1,1,1,1,1,0,1,0,1,1,0,1,1,0
"ID984",1,1,1,1,0,1,0,0,1,1,1,0,1,1,1,0,0,0,1,1
"ID985",0,0,0,0,1,0,0,0,0,0,0,0,0,0,0,0,0,0,0,0
"ID986",0,0,0,0,1,0,0,0,1,1,1,0,1,0,1,0,1,0,1,0
"ID987",0,1,0,0,1,0,0,0,1,1,0,0,0,0,1,0,0,0,1,0
"ID988",0,0,0,0,0,0,0,0,0,0,0,0,0,0,0,0,1,0,0,0
"ID989",1,1,1,0,0,0,1,1,1,1,1,0,1,0,1,1,1,0,1,0
"ID990",0,1,0,0,0,0,0,0,1,1,1,0,0,0,0,0,0,0,1,0
"ID991",1,1,1,1,1,1,1,1,1,1,1,1,1,1,1,1,1,1,1,1
"ID992",0,0,0,0,0,0,0,0,1,0,1,0,0,0,1,0,0,0,1,0
"ID993",1,1,0,1,0,0,1,1,0,0,0,0,1,0,0,1,1,1,0,0
"ID994",0,1,0,0,1,0,1,1,1,1,1,0,1,1,1,1,1,1,1,0
"ID995",1,0,0,0,1,0,0,0,1,1,0,0,1,0,1,0,0,0,1,0
"ID996",1,1,0,0,1,1,1,1,1,1,1,0,1,1,1,1,1,1,1,0
"ID997",0,0,0,0,1,0,0,0,1,1,0,0,0,0,1,0,0,0,1,0
"ID998",1,1,0,0,1,0,1,1,1,1,0,0,0,0,1,1,1,1,0,0
"ID999",0,0,0,0,0,0,0,0,1,1,1,0,0,1,1,0,0,0,0,0
"ID1000",0,1,1,0,1,1,1,1,1,1,0,0,0,1,1,1,1,1,1,0
