,V1,V2,V3,V4,V5,V6,V7,V8,V9,V10,V11,V12,V13,V14,V15,V16,V17,V18,V19,V20
1,0,0,0,1,0,0,1,1,0,1,1,1,0,1,1,1,0,1,1,1
2,0,1,1,1,0,1,1,1,1,1,1,1,1,1,1,1,1,1,1,1
3,0,1,1,1,0,1,1,1,0,0,0,0,0,1,1,1,0,0,0,0
4,1,1,1,1,1,1,0,1,0,1,1,1,0,1,0,1,0,1,0,1
5,0,0,0,1,0,1,0,1,0,0,0,1,0,0,0,0,0,0,0,0
6,0,0,0,0,0,1,0,1,1,0,0,0,0,1,0,0,0,0,0,0
7,0,0,0,0,0,0,0,1,1,0,0,0,0,0,0,0,0,0,0,0
8,0,0,0,1,0,0,0,1,0,0,0,0,0,0,0,0,0,0,0,0
9,0,0,0,0,0,0,0,0,1,0,0,1,0,1,0,0,0,0,0,0
10,0,0,0,0,1,0,0,1,1,0,0,1,0,0,0,0,0,0,0,0
11,1,1,1,0,1,1,1,1,1,0,0,1,0,1,1,1,0,1,0,0
12,1,1,1,1,1,1,0,1,1,1,1,1,1,0,1,1,0,1,0,0
13,1,0,0,0,1,1,0,1,0,0,0,1,0,0,0,0,0,0,0,1
14,0,0,0,1,0,0,0,1,0,0,0,1,0,0,0,0,0,0,0,0
15,0,0,0,0,0,1,0,0,1,0,0,0,0,1,0,0,0,0,0,0
16,0,0,0,0,0,1,0,0,0,0,0,1,0,1,0,0,0,0,0,1
17,0,1,0,1,0,1,0,1,0,0,0,0,0,0,0,0,0,0,0,0
18,0,0,0,0,1,0,0,0,0,0,0,1,0,0,0,1,0,0,0,0
19,0,0,0,0,0,1,0,0,1,0,0,1,0,1,0,0,0,0,0,0
20,0,0,0,0,0,0,0,1,0,0,0,0,0,0,0,0,0,0,0,0
21,1,1,1,1,1,1,1,1,1,0,1,1,1,1,0,1,1,1,1,0
22,1,1,1,1,1,1,0,1,0,1,1,1,0,1,0,1,0,1,0,1
23,1,1,1,1,1,1,1,1,1,1,1,1,1,1,1,1,1,1,1,1
24,0,0,0,0,0,1,0,0,0,1,1,0,0,1,0,1,1,1,0,1
25,1,1,1,1,1,1,0,1,1,1,1,1,0,1,0,0,0,0,0,0
26,0,0,0,0,0,0,0,0,1,0,0,0,0,0,0,0,0,0,0,0
27,0,0,0,0,1,1,0,0,0,0,0,0,0,1,0,1,0,0,0,0
28,0,0,0,0,0,0,0,0,0,0,0,0,0,0,0,0,0,0,0,0
29,0,0,0,0,0,1,0,1,1,0,0,0,0,1,0,1,0,0,0,0
30,1,1,1,1,1,1,1,1,1,1,1,1,1,1,1,1,1,1,1,1
31,1,0,0,1,1,1,1,1,1,0,1,1,0,1,1,1,1,1,1,0
32,1,1,1,1,1,1,1,1,1,1,1,1,1,1,1,1,1,1,1,1
33,1,1,1,1,1,1,1,1,0,1,1,1,1,0,1,1,1,1,1,1
34,0,0,0,1,0,1,1,1,1,1,0,1,0,1,1,1,1,1,1,1
35,1,1,1,1,1,1,0,1,0,1,1,1,1,1,1,1,0,1,1,1
36,1,1,1,0,1,1,0,0,1,1,0,0,1,1,1,1,0,1,0,0
37,0,0,0,1,0,0,0,1,0,0,0,1,0,1,1,1,1,0,0,1
38,1,1,1,1,1,1,1,1,0,0,0,0,0,1,1,1,0,0,0,0
39,1,1,1,1,1,1,1,1,1,1,1,1,1,1,1,1,0,0,1,1
40,0,0,0,0,1,0,0,0,1,0,0,1,0,1,0,1,0,0,0,0
41,0,0,0,0,0,0,0,0,1,0,0,0,0,0,0,0,0,0,0,0
42,1,1,1,1,1,1,1,1,1,1,1,1,1,1,1,1,1,1,1,1
43,1,1,1,1,1,1,1,1,1,1,1,1,1,1,1,1,1,1,0,1
44,0,0,0,0,0,1,0,0,0,0,0,1,0,0,0,0,0,0,0,0
45,1,1,1,1,0,1,1,1,1,1,1,1,0,1,1,0,1,1,1,1
46,1,1,0,1,0,1,0,1,1,1,1,1,0,1,1,0,1,0,1,1
47,0,0,0,0,0,1,0,0,1,0,0,1,0,1,0,0,0,0,0,0
48,0,0,0,0,0,1,0,0,0,0,1,1,0,1,0,0,1,1,0,0
49,0,0,0,0,1,0,0,0,1,0,0,0,0,0,0,0,0,0,0,0
50,0,0,0,1,0,1,1,1,1,0,1,1,1,1,1,0,1,1,1,1
51,0,0,0,0,1,0,0,0,0,0,0,0,0,0,0,0,0,0,0,0
52,1,1,1,0,0,1,0,0,1,0,0,0,0,1,0,0,0,0,0,0
53,0,1,0,0,0,1,0,1,0,0,0,1,0,0,1,0,0,0,0,0
54,0,1,1,1,1,1,1,1,1,1,1,1,0,1,1,1,1,1,1,1
55,0,0,0,1,0,1,0,1,1,0,1,1,0,1,0,1,1,0,0,1
56,1,1,1,1,1,1,1,1,1,1,1,1,1,1,1,1,1,1,1,1
57,1,1,1,1,1,1,1,1,1,1,1,1,0,1,1,1,1,1,1,1
58,0,0,0,0,0,0,0,0,1,0,0,0,0,0,0,0,0,0,0,0
59,0,0,0,0,1,1,0,0,1,0,0,1,0,0,0,1,0,0,0,0
60,1,1,1,0,0,1,0,0,0,1,1,1,0,1,1,1,1,1,1,1
61,0,0,0,0,0,1,0,1,0,0,0,0,0,0,0,1,0,0,0,0
62,0,0,0,0,1,0,0,0,0,0,0,0,0,0,0,0,0,0,0,0
63,1,1,1,0,1,1,1,1,1,0,1,1,1,1,0,1,0,1,0,0
64,1,1,1,1,1,1,1,1,1,1,1,1,0,1,1,1,1,1,0,0
65,1,1,1,1,1,1,0,1,1,0,0,1,1,1,1,1,0,0,0,0
66,0,0,0,1,0,0,0,1,0,1,1,1,0,1,0,1,0,1,0,1
67,1,1,1,0,1,1,1,0,1,0,0,1,0,1,1,1,0,1,1,0
68,0,0,0,0,0,0,0,0,1,0,0,0,0,0,0,0,0,0,0,0
69,0,0,0,0,0,0,0,0,0,0,0,0,0,0,0,0,0,0,0,0
70,0,0,0,0,0,0,1,1,0,0,0,1,0,1,1,0,0,1,0,0
71,0,0,0,0,1,1,0,0,1,0,0,0,0,1,0,1,0,0,0,0
72,0,0,0,0,1,1,0,1,1,0,0,0,0,1,0,0,0,0,0,0
73,0,0,0,0,0,0,0,1,0,0,0,0,0,0,0,0,0,0,0,0
74,1,1,1,0,1,1,0,0,1,1,1,1,1,1,1,1,1,1,0,0
75,0,0,0,0,0,1,0,1,0,0,0,1,0,0,0,1,0,0,0,0
76,0,0,0,0,0,0,0,0,0,0,0,0,0,0,0,0,0,0,0,0
77,0,1,0,0,1,1,0,1,1,0,0,0,0,1,0,1,0,0,0,0
78,1,1,1,0,0,1,0,1,0,1,1,1,1,1,0,1,1,1,0,1
79,1,1,1,1,1,1,1,1,1,1,1,1,1,1,1,1,1,1,1,1
80,0,0,0,1,1,1,1,1,1,1,1,1,0,1,0,0,1,1,1,1
81,0,0,0,1,0,0,0,1,0,0,0,1,0,1,0,0,0,0,0,0
82,1,1,1,1,0,1,1,1,1,0,1,0,0,1,1,1,1,1,1,1
83,0,0,0,0,0,0,0,0,1,0,0,0,0,0,0,0,0,0,0,0
84,1,1,1,0,0,1,0,0,0,0,0,1,0,1,0,0,0,0,0,0
85,1,1,1,0,1,1,0,1,1,0,0,1,0,0,1,0,0,1,0,0
86,1,1,0,1,0,1,1,1,0,0,1,1,0,1,1,0,1,1,0,1
87,1,1,0,1,1,1,0,1,1,1,1,1,1,0,0,1,1,1,0,1
88,1,0,1,1,1,1,1,1,1,1,1,1,1,0,1,1,1,1,1,1
89,1,1,1,1,1,1,1,1,1,1,1,1,1,1,1,1,1,1,1,1
90,1,1,1,1,1,1,1,1,0,1,1,1,1,1,0,1,1,1,1,1
91,1,1,1,1,0,1,1,1,1,0,0,1,0,1,1,1,0,0,1,0
92,0,0,0,0,0,0,0,1,0,0,0,1,0,0,0,1,0,0,0,0
93,1,1,1,1,1,1,1,1,0,1,1,1,1,1,1,1,1,1,0,1
94,1,1,1,1,1,1,1,1,1,1,1,1,1,1,1,1,1,0,1,1
95,1,1,1,1,1,1,1,1,1,1,1,1,1,1,1,1,1,1,1,1
96,0,1,1,1,0,1,1,1,1,1,1,1,1,1,1,1,1,1,1,1
97,0,0,0,0,1,1,0,1,0,0,1,1,0,1,0,1,1,0,0,1
98,0,0,0,0,0,0,0,0,1,0,0,1,0,0,0,1,0,0,0,0
99,1,1,1,1,1,1,1,1,0,1,1,1,1,1,1,1,0,1,1,1
100,0,0,0,1,0,1,0,1,0,0,0,0,0,0,0,0,0,0,0,0
101,1,0,0,0,1,1,0,0,1,0,0,0,0,0,0,1,0,0,0,0
102,1,1,1,0,1,1,1,1,1,1,1,1,1,1,1,1,1,1,1,1
103,0,0,0,0,1,1,0,0,1,0,0,0,0,1,0,1,0,0,0,0
104,0,1,1,1,1,1,1,1,1,1,1,1,1,1,1,1,1,1,1,1
105,0,1,1,1,1,1,1,1,1,1,1,1,1,1,1,0,1,0,0,0
106,1,1,0,0,1,1,0,0,1,0,0,1,0,1,0,1,0,1,0,0
107,1,1,1,1,0,1,0,1,0,0,0,0,0,0,0,0,0,0,0,0
108,1,1,1,1,1,1,1,1,1,1,1,1,1,1,1,1,1,1,1,1
109,1,1,1,0,1,1,0,1,1,0,0,1,0,1,0,1,0,1,1,0
110,1,1,1,1,1,1,0,1,0,1,1,1,0,0,1,1,1,1,0,0
111,0,0,0,0,0,1,0,1,0,0,0,1,0,0,0,0,0,0,0,0
112,0,0,0,0,0,0,0,0,0,0,0,0,0,0,0,0,0,0,0,0
113,1,0,0,0,1,1,1,1,0,1,0,1,0,1,1,1,0,0,0,0
114,0,0,0,0,0,1,0,0,0,1,1,1,0,1,0,1,1,1,0,1
115,1,1,0,1,1,1,1,1,0,1,0,0,1,1,0,1,0,1,1,0
116,0,1,1,1,1,1,1,1,1,1,1,1,1,1,1,1,1,1,1,1
117,0,0,0,0,0,0,0,0,1,0,0,0,0,0,0,0,0,0,0,0
118,0,0,0,1,0,1,0,1,0,0,1,1,0,1,0,1,0,1,0,1
119,0,0,0,1,0,1,1,1,1,1,1,1,0,1,1,1,0,1,1,1
120,0,0,0,0,0,0,0,0,0,0,0,0,0,0,0,0,0,0,0,0
121,0,0,0,1,1,0,0,1,0,0,0,0,0,0,0,0,0,0,0,0
122,0,0,0,0,0,1,0,0,1,0,0,1,0,0,0,1,0,1,0,0
123,0,0,0,0,0,1,0,0,0,0,0,0,0,1,0,1,0,0,0,0
124,1,1,1,1,1,1,1,1,1,1,1,1,1,1,1,1,1,1,1,1
125,1,1,1,0,1,1,0,0,0,1,1,1,1,1,0,1,1,0,1,1
126,1,1,0,1,1,1,0,1,0,1,1,1,1,1,1,1,1,1,1,1
127,1,1,1,1,1,1,0,1,1,1,1,1,1,1,1,1,1,1,1,1
128,0,0,0,1,1,1,1,1,1,1,1,1,1,1,1,1,1,1,1,1
129,0,0,0,1,0,1,0,1,0,1,1,1,0,1,0,1,1,0,0,0
130,1,1,1,1,1,0,1,1,1,1,1,1,1,1,0,1,1,1,1,1
131,0,0,0,0,0,1,0,0,0,0,0,1,0,0,0,1,1,0,0,0
132,0,1,0,1,1,1,0,1,1,1,1,1,1,1,0,1,1,1,0,0
133,0,0,0,0,1,1,1,1,1,0,0,1,0,0,1,0,0,0,0,0
134,0,0,0,0,0,0,0,1,0,0,0,0,0,0,0,0,0,0,0,0
135,0,0,0,0,1,0,0,1,0,0,0,0,0,0,0,0,0,0,0,0
136,1,1,1,1,1,1,1,1,1,1,1,1,1,1,1,1,1,0,1,1
137,0,1,1,0,0,1,0,1,0,0,1,0,0,1,1,1,1,1,0,1
138,1,1,1,1,1,1,1,1,1,0,1,1,1,1,1,1,1,1,1,1
139,0,0,0,0,1,0,0,0,1,0,0,0,0,0,0,0,0,0,0,0
140,1,1,1,1,1,1,1,1,1,1,0,1,1,1,1,1,1,1,1,1
141,1,1,1,1,1,1,1,1,1,0,1,1,0,0,1,1,0,0,0,0
142,1,1,0,1,1,1,1,1,1,1,1,1,1,1,1,1,1,0,1,1
143,0,0,0,0,0,1,0,1,0,0,0,1,0,0,0,0,0,0,0,0
144,0,0,0,0,1,1,0,1,0,0,1,0,0,0,0,0,0,0,0,0
145,0,0,0,0,0,1,0,0,0,0,1,1,0,1,0,0,0,0,0,0
146,0,1,1,1,1,1,0,1,0,1,0,1,1,1,1,1,1,1,1,1
147,1,1,1,1,1,1,1,1,0,1,1,1,1,1,1,1,1,1,1,0
148,0,0,0,0,0,0,0,0,0,0,0,0,0,0,0,0,0,0,0,0
149,0,1,1,1,1,1,0,1,1,1,0,1,1,1,0,1,1,1,0,1
150,1,1,1,1,1,1,1,1,1,1,1,1,1,1,1,1,1,1,1,1
151,1,1,1,1,1,1,1,1,0,1,1,1,1,1,1,1,0,0,1,1
152,1,0,1,1,1,1,1,1,1,1,1,1,1,1,1,1,1,1,1,1
153,1,1,0,0,1,1,1,1,1,1,1,1,1,1,1,1,1,0,1,1
154,1,1,1,0,1,1,1,1,1,1,1,0,1,1,1,1,1,1,1,1
155,0,1,1,1,1,1,1,1,1,1,1,1,1,0,1,1,0,1,1,1
156,1,1,1,1,1,1,1,1,0,0,1,1,1,1,1,1,1,1,1,1
157,0,1,1,1,1,1,1,1,1,1,1,1,1,1,1,1,0,1,1,0
158,0,0,0,1,0,1,0,0,0,1,1,1,0,1,0,0,1,1,0,1
159,0,1,1,1,0,1,1,1,1,0,0,1,0,1,1,1,0,0,1,0
160,1,1,1,1,1,1,1,1,1,0,1,1,1,1,1,1,1,1,0,1
161,1,1,1,1,1,1,0,1,1,1,1,1,1,1,1,1,0,1,0,1
162,1,1,1,1,0,0,1,1,1,1,1,1,1,1,1,1,1,1,1,1
163,1,1,1,1,1,1,1,1,1,1,1,1,1,1,1,1,1,0,1,1
164,1,1,1,1,1,1,1,1,1,1,1,1,1,1,1,1,1,1,1,0
165,0,0,0,0,0,0,0,0,0,0,0,0,0,0,0,0,0,0,0,0
166,0,0,0,0,1,0,0,0,1,0,0,0,0,0,0,0,0,0,0,0
167,0,0,0,0,0,0,0,0,1,0,0,1,0,0,0,0,0,0,0,0
168,1,1,1,1,1,1,1,1,1,1,1,1,1,1,1,1,1,1,1,1
169,1,1,1,1,1,0,1,0,1,1,1,1,1,1,1,1,1,1,1,1
170,0,0,0,0,0,0,0,0,0,0,0,0,0,0,0,0,0,0,0,0
171,0,0,0,0,0,0,0,0,0,0,0,1,0,0,0,1,1,1,0,1
172,0,1,1,1,1,1,0,1,1,1,1,1,1,1,0,1,1,1,0,1
173,1,1,1,1,1,1,1,1,1,1,1,1,1,1,1,1,1,1,1,1
174,0,0,0,1,0,1,1,1,1,0,0,1,0,1,1,0,1,1,0,0
175,0,0,0,0,1,1,0,0,1,0,1,1,0,0,0,1,0,0,0,0
176,0,0,0,1,0,1,0,1,0,0,1,1,0,1,0,1,0,1,0,1
177,0,1,1,1,0,1,0,1,0,0,1,1,0,1,0,1,1,1,0,1
178,0,1,1,0,1,1,0,0,0,0,0,0,0,1,0,0,0,0,0,0
179,0,1,1,1,1,1,0,1,1,1,1,1,1,1,0,1,1,1,0,0
180,1,1,0,1,1,1,1,1,1,1,1,1,0,1,1,1,1,1,1,1
181,0,0,0,1,0,0,0,1,0,0,0,0,0,0,0,0,0,0,0,0
182,1,1,1,1,1,1,0,1,1,0,1,1,0,1,0,1,1,1,0,0
183,1,1,1,1,0,1,1,1,1,0,1,0,0,1,0,1,1,0,0,0
184,1,1,1,0,1,1,1,1,1,1,1,1,1,1,1,1,1,1,1,1
185,1,1,1,1,1,1,0,1,1,1,1,1,1,1,1,1,1,1,1,1
186,1,1,1,1,1,1,1,1,1,0,1,1,1,1,1,1,1,1,1,0
187,1,1,0,0,1,1,0,0,1,0,0,0,0,0,0,0,0,0,0,0
188,0,0,0,0,0,1,0,1,0,0,1,1,0,1,0,0,0,0,0,0
189,1,1,1,1,1,1,1,1,1,1,1,1,1,1,1,1,1,1,1,1
190,1,1,1,1,1,1,1,1,1,1,1,1,1,1,1,1,1,1,1,1
191,1,1,1,1,1,1,1,1,1,1,1,1,1,1,1,0,1,0,1,1
192,1,1,1,1,1,1,1,1,1,1,1,1,0,1,1,1,1,1,1,1
193,1,1,1,0,1,1,1,0,1,1,1,1,1,1,1,1,1,1,1,1
194,0,0,0,0,0,1,0,0,0,0,0,1,0,0,0,1,1,1,0,1
195,0,0,0,0,1,0,0,1,1,0,0,0,0,0,0,1,0,0,0,0
196,1,1,1,1,1,1,1,1,1,1,1,1,0,1,1,1,1,1,1,1
197,1,1,1,1,1,1,1,1,1,1,1,1,1,1,0,1,1,1,1,1
198,1,1,1,1,1,1,1,1,1,1,1,1,1,1,1,1,1,1,1,1
199,1,1,1,1,0,1,1,1,1,1,1,1,1,1,1,1,1,1,1,1
200,1,0,1,0,0,1,0,0,0,0,0,1,0,0,1,0,0,0,0,0
201,1,1,1,1,1,1,1,1,1,1,1,1,1,1,1,1,1,1,1,1
202,0,1,1,1,1,1,1,1,1,1,1,1,1,1,1,1,1,0,1,1
203,1,1,1,0,1,1,1,1,0,1,1,1,0,1,1,1,0,0,1,1
204,1,1,0,1,1,1,1,1,1,1,1,1,1,1,1,1,1,1,1,1
205,0,0,0,1,0,1,0,1,0,0,1,1,0,1,0,1,1,1,0,0
206,0,0,0,0,1,1,0,1,1,1,1,1,0,1,1,1,1,1,0,1
207,1,1,1,1,0,1,0,1,0,0,1,1,1,1,1,1,0,1,0,1
208,1,1,1,1,1,1,1,1,1,0,0,0,0,0,0,0,0,0,0,0
209,1,1,1,1,1,1,1,1,1,1,1,1,0,1,1,0,1,1,1,1
210,1,1,1,1,1,1,1,1,1,1,1,1,1,1,1,1,1,1,1,1
211,0,0,0,1,0,0,0,1,1,0,0,0,0,1,0,1,0,0,0,0
212,0,1,1,1,1,1,0,1,0,0,0,1,0,1,1,1,0,0,1,0
213,1,1,1,1,1,1,1,1,1,1,1,1,1,1,1,1,1,1,1,1
214,0,1,1,1,1,1,1,1,1,1,1,1,1,1,1,1,1,1,1,1
215,1,1,0,0,1,1,0,0,1,0,0,0,0,0,0,0,0,0,0,0
216,1,1,1,1,1,1,1,1,1,1,1,1,1,1,1,1,1,1,1,1
217,0,0,0,0,0,0,0,1,0,0,0,0,0,0,0,0,0,0,0,0
218,1,1,0,1,1,1,1,1,1,1,1,1,0,1,1,1,1,1,1,1
219,1,1,1,0,1,0,1,0,1,1,0,1,1,1,1,0,0,0,0,0
220,1,1,0,1,0,1,0,1,0,1,1,1,0,1,0,0,1,0,1,1
221,0,0,0,1,0,1,1,1,0,0,1,1,0,1,1,1,1,1,0,0
222,1,1,1,0,0,1,1,1,1,1,1,1,0,1,1,1,1,1,0,0
223,1,1,1,1,1,1,1,1,1,1,1,1,1,1,1,1,1,1,1,1
224,0,0,0,0,0,0,0,0,1,0,0,0,0,0,0,0,0,0,0,0
225,1,1,1,1,1,1,1,1,1,1,1,1,1,1,0,1,1,1,0,1
226,0,0,0,1,0,1,0,1,0,0,1,1,0,0,0,1,0,0,0,0
227,0,0,0,0,0,0,0,0,0,0,0,0,0,0,0,0,0,0,0,0
228,0,0,0,0,0,1,0,0,0,0,0,1,0,0,0,0,0,1,0,0
229,1,1,1,1,1,1,1,0,1,0,1,1,1,1,1,1,1,1,1,1
230,1,1,1,0,1,1,1,1,1,0,0,1,0,1,0,0,1,1,0,0
231,0,0,0,0,0,0,0,0,0,0,0,0,0,0,0,0,0,0,0,0
232,1,1,1,1,0,1,1,1,1,1,1,1,0,1,0,1,0,1,0,0
233,0,0,0,0,0,1,0,0,1,0,0,1,0,1,0,1,0,0,0,0
234,0,1,0,1,0,1,1,1,0,1,1,1,1,1,1,1,1,1,1,1
235,1,1,0,0,0,1,0,0,1,0,0,1,0,0,0,0,0,0,0,0
236,1,1,1,1,0,1,1,1,0,1,0,0,0,0,0,0,0,0,0,0
237,1,1,1,1,0,1,1,0,1,0,0,1,0,0,1,1,0,0,0,0
238,1,1,0,1,1,1,1,1,1,1,1,1,1,1,1,1,1,1,1,1
239,0,0,0,1,0,0,0,0,0,1,1,1,0,1,0,0,1,1,0,1
240,1,1,0,0,0,1,0,1,1,0,0,1,0,0,0,0,0,0,0,0
241,1,1,1,1,1,1,0,1,1,1,1,0,1,1,1,1,1,1,0,1
242,1,1,1,0,0,1,1,0,1,0,0,1,1,1,0,1,1,1,0,0
243,1,1,1,1,0,1,0,1,0,1,1,1,0,1,0,1,1,1,0,1
244,0,0,0,0,0,1,0,1,1,0,0,1,0,1,0,1,0,0,0,0
245,1,1,1,1,1,1,1,1,0,1,1,1,1,1,1,1,1,1,1,1
246,0,0,0,0,0,0,0,1,0,0,0,0,0,0,0,0,0,0,0,0
247,1,1,0,1,1,1,0,1,1,0,1,1,1,1,1,1,1,1,1,1
248,1,1,1,1,1,1,1,1,1,1,1,1,1,1,1,1,1,0,0,1
249,0,0,0,0,0,1,0,1,0,0,0,0,0,0,0,0,0,0,0,0
250,0,0,0,0,0,1,0,1,1,0,0,0,0,0,0,1,0,0,0,0
251,0,0,0,1,0,0,0,1,0,0,0,0,0,0,0,0,0,0,0,0
252,1,1,1,0,1,1,0,1,0,0,0,1,0,1,1,1,0,0,1,0
253,0,0,0,1,0,0,0,1,0,0,0,0,0,0,1,0,0,0,0,0
254,1,1,1,1,1,1,1,1,1,0,1,1,1,0,1,1,1,1,1,1
255,1,0,0,0,0,0,0,0,1,0,0,0,0,1,0,1,0,1,0,0
256,1,1,0,1,1,1,1,1,1,1,1,1,1,1,0,1,0,1,1,1
257,1,1,1,1,1,1,1,1,1,1,1,1,1,1,1,1,1,1,1,1
258,1,1,1,1,1,1,1,1,1,1,1,0,1,1,1,0,1,1,1,1
259,1,1,1,1,0,1,0,1,0,0,1,1,0,1,0,0,1,1,0,1
260,1,0,0,0,1,1,1,1,1,1,1,1,0,1,1,1,1,1,0,1
261,0,0,0,0,0,1,0,0,1,0,0,0,0,1,0,0,0,0,0,0
262,0,0,0,1,1,1,1,1,1,1,1,1,1,1,1,1,1,0,1,1
263,0,0,0,0,0,1,0,0,1,0,0,1,0,1,0,1,0,1,0,0
264,0,0,0,0,0,1,0,0,0,0,0,1,0,0,0,0,0,0,0,0
265,0,0,0,0,0,0,0,1,1,0,0,0,0,0,0,1,1,0,0,0
266,1,1,1,1,1,1,1,1,1,1,1,1,0,1,1,1,1,1,0,1
267,1,1,1,1,1,1,1,1,1,1,1,1,0,1,1,1,1,1,1,1
268,1,1,1,1,0,1,0,1,1,0,0,0,0,0,0,1,1,0,0,0
269,1,1,1,0,0,1,0,1,1,0,1,1,1,1,0,1,0,1,1,0
270,1,1,1,1,1,1,1,1,1,0,1,0,0,1,1,1,1,1,1,1
271,0,0,0,0,1,1,0,1,1,0,0,0,0,1,0,1,0,0,0,0
272,1,1,0,1,0,0,0,1,1,1,1,1,1,1,0,1,0,1,0,1
273,1,1,1,1,1,1,1,1,1,1,1,1,1,1,1,1,1,1,1,0
274,1,1,0,1,1,1,0,1,0,1,0,0,0,0,0,0,0,0,0,0
275,1,1,1,1,1,1,1,1,1,1,1,1,1,1,1,1,1,1,1,1
276,1,1,0,0,1,1,1,0,0,0,0,1,0,1,1,1,0,0,0,0
277,1,1,1,1,1,1,0,1,1,1,1,1,1,1,1,1,1,1,0,0
278,1,1,1,1,1,1,1,1,1,1,1,1,1,1,1,1,1,1,1,1
279,1,1,1,1,1,1,1,1,1,1,1,1,0,1,1,1,1,1,1,1
280,1,1,1,1,1,1,1,1,1,1,1,1,1,1,1,1,1,1,1,1
281,1,1,1,1,1,1,1,1,1,1,1,1,1,1,1,1,1,1,0,1
282,1,1,1,1,1,1,1,1,1,1,1,1,1,1,1,1,1,1,1,1
283,0,0,0,1,0,1,1,1,1,1,1,1,0,1,1,1,0,1,1,1
284,1,1,1,1,1,1,1,1,1,1,1,1,1,1,1,1,1,0,1,1
285,0,1,1,0,0,0,1,1,1,1,1,0,1,1,1,0,1,0,1,1
286,1,0,1,1,0,0,0,1,0,0,0,0,0,0,0,0,0,0,0,0
287,0,1,1,1,1,1,1,0,0,1,1,1,0,1,1,1,1,1,1,0
288,1,1,0,1,1,1,1,1,1,1,1,1,1,1,1,1,1,1,0,1
289,1,1,0,1,1,1,0,1,0,0,1,1,1,1,0,1,1,1,0,1
290,1,1,1,1,0,1,0,1,1,1,1,1,1,1,1,1,1,1,1,1
291,0,0,0,0,0,0,0,0,0,0,0,0,0,0,0,0,0,0,0,0
292,1,1,1,0,1,1,0,0,0,0,0,0,0,1,0,1,0,0,0,0
293,0,0,0,1,1,1,1,0,0,0,0,1,0,1,1,1,1,0,0,0
294,0,0,0,0,0,1,0,0,1,0,0,1,0,1,0,1,0,0,0,0
295,1,1,1,1,1,1,0,1,1,1,1,1,1,1,1,1,1,1,1,1
296,0,0,0,1,0,1,0,1,0,0,0,0,0,0,0,0,0,0,0,0
297,0,0,0,0,0,0,0,1,0,1,0,0,0,0,0,0,0,0,0,0
298,0,0,0,0,0,1,1,1,1,0,1,0,0,1,1,1,1,1,1,1
299,0,1,0,1,0,1,0,0,0,0,0,0,0,0,0,0,0,0,0,0
300,1,1,1,1,1,1,1,1,1,1,1,0,0,1,1,1,1,1,1,1
301,1,1,1,1,1,1,1,1,1,1,1,1,0,1,1,1,1,1,1,1
302,1,1,1,1,1,1,1,1,1,1,1,1,1,1,0,1,1,1,1,1
303,1,1,1,1,0,1,1,1,1,0,1,1,1,1,0,1,0,1,0,0
304,1,1,1,0,1,1,1,1,0,0,0,0,0,0,0,0,0,0,0,0
305,1,1,1,1,1,1,1,1,0,1,1,1,1,1,1,1,1,0,1,1
306,1,1,1,0,1,1,0,0,1,1,0,1,1,1,1,1,1,0,0,1
307,1,1,0,0,1,1,0,0,0,0,0,1,0,1,0,0,0,0,0,0
308,1,0,0,0,0,1,0,1,1,0,0,1,0,1,0,0,0,1,0,0
309,0,0,0,0,1,0,0,1,1,0,0,0,0,0,0,0,0,0,0,0
310,0,0,0,0,0,1,0,1,1,0,0,1,0,1,0,0,0,1,0,0
311,1,1,1,0,1,1,1,1,1,0,0,1,0,1,1,1,0,0,0,0
312,0,0,0,0,1,0,0,0,1,0,0,0,0,0,0,0,0,0,0,0
313,1,1,1,1,0,1,0,1,1,0,1,1,1,1,1,1,1,1,0,0
314,0,1,0,0,1,0,0,1,1,0,0,1,0,1,0,1,0,0,0,0
315,1,1,1,1,0,1,1,1,1,1,0,1,0,1,1,1,1,1,1,1
316,1,1,1,0,0,1,0,1,1,0,0,1,0,1,0,0,0,0,0,0
317,0,0,0,0,0,1,0,1,1,0,0,1,0,1,0,1,1,0,0,0
318,1,1,1,1,1,1,1,1,0,0,0,1,0,1,1,1,1,1,1,0
319,1,1,1,1,1,1,1,1,1,0,1,1,0,1,1,0,1,1,1,1
320,0,0,0,0,1,1,0,0,1,0,0,1,0,1,0,1,0,0,0,0
321,1,1,1,0,1,1,0,1,0,0,0,1,0,0,0,1,0,0,0,0
322,1,1,1,1,1,1,0,1,1,0,1,1,1,1,1,1,1,1,1,1
323,1,1,1,1,1,1,1,1,1,1,1,1,0,1,1,1,1,1,1,1
324,1,1,1,1,0,1,0,1,0,0,1,1,1,1,1,1,1,1,0,1
325,1,1,1,1,1,1,0,1,1,1,1,1,1,1,1,1,1,1,0,1
326,0,0,0,0,0,1,0,0,1,0,0,1,0,1,0,1,0,1,0,0
327,0,0,0,1,0,0,0,1,0,0,0,0,0,0,0,0,0,0,0,0
328,1,1,1,1,1,1,0,1,1,0,1,1,0,1,1,0,1,1,0,1
329,1,1,1,0,1,1,0,0,0,0,0,1,0,1,1,0,0,1,0,0
330,1,0,1,0,1,1,0,1,1,0,0,1,0,1,0,0,0,0,0,0
331,0,1,0,0,1,1,0,1,1,0,0,1,0,1,0,1,0,1,0,0
332,1,1,1,0,0,1,1,1,0,0,0,1,0,1,1,0,0,1,0,0
333,0,0,0,0,0,1,0,1,1,0,0,1,0,1,0,1,0,0,0,0
334,0,0,0,0,0,0,0,0,1,0,0,0,0,0,0,0,0,0,0,0
335,1,1,1,1,1,1,0,1,0,0,1,1,0,1,0,1,1,1,1,1
336,1,1,1,0,0,1,0,1,1,0,0,0,0,1,0,1,1,1,0,0
337,0,0,0,0,1,1,0,1,1,0,0,0,0,1,0,0,0,0,0,0
338,0,0,0,0,0,1,0,1,1,0,0,1,0,1,0,0,0,0,0,0
339,1,1,1,1,0,1,0,1,0,1,1,1,0,1,0,1,0,1,0,0
340,1,1,1,1,1,1,1,1,1,1,1,1,0,1,1,1,1,1,1,1
341,1,1,1,1,1,1,1,1,1,1,1,1,0,1,1,1,1,1,1,1
342,0,0,0,0,0,0,0,0,1,0,0,0,0,0,0,0,0,0,0,0
343,0,0,0,0,1,0,0,1,1,0,0,0,0,0,0,0,0,0,0,0
344,1,1,0,1,1,1,1,1,0,1,1,1,0,1,1,1,1,1,1,1
345,0,0,0,0,1,0,0,1,1,0,0,0,0,0,0,0,0,0,0,0
346,1,1,1,1,1,1,1,1,1,0,1,1,0,1,1,1,1,1,1,1
347,0,1,1,0,1,1,1,1,0,0,1,0,0,0,0,0,0,0,0,0
348,1,1,1,0,1,1,1,1,0,0,0,0,0,1,1,1,0,1,0,0
349,1,0,1,1,0,1,0,1,0,0,0,1,0,1,0,1,0,0,0,0
350,1,1,1,1,1,1,1,1,1,0,1,1,0,1,1,1,1,1,1,0
351,1,1,1,0,1,1,1,1,1,1,1,1,1,1,1,1,1,1,1,1
352,0,0,0,0,0,1,0,1,1,0,0,1,0,1,0,1,0,0,0,0
353,0,0,0,0,1,0,0,1,1,0,0,0,0,0,0,0,0,0,0,0
354,1,1,1,1,1,1,1,1,1,1,1,1,0,1,1,1,1,1,1,1
355,1,1,1,0,0,1,0,1,0,0,0,1,0,1,0,1,0,0,0,0
356,1,1,1,1,1,1,1,1,1,0,1,1,0,1,1,1,1,0,1,1
357,1,1,0,0,1,1,1,1,1,0,0,1,0,1,0,0,0,1,0,0
358,1,1,1,1,1,1,1,1,1,1,1,1,1,1,1,1,1,1,1,1
359,1,1,1,1,1,1,1,1,1,0,1,1,1,1,1,1,1,0,1,1
360,1,1,1,0,1,1,1,1,0,0,0,1,0,1,0,1,0,1,0,0
361,0,1,1,1,1,1,1,1,1,1,1,1,1,1,1,1,1,0,1,0
362,1,1,1,1,1,1,0,1,1,1,0,1,0,1,1,1,0,0,1,0
363,1,1,1,1,1,1,1,1,1,0,1,1,1,1,1,1,1,1,0,1
364,0,0,0,0,1,1,0,1,1,0,0,1,0,0,0,1,0,0,0,0
365,1,1,0,1,0,1,1,1,1,0,1,1,0,1,1,1,1,1,1,1
366,1,1,1,0,1,1,0,1,0,0,0,1,0,1,1,1,1,1,0,0
367,0,0,0,0,0,1,0,0,1,0,0,1,0,1,0,1,0,0,0,0
368,1,1,1,1,1,1,1,1,1,1,1,1,1,1,1,1,1,0,1,0
369,1,1,1,1,1,1,1,1,1,1,1,1,1,1,1,1,1,1,1,0
370,1,1,1,1,1,1,1,1,1,1,1,1,0,1,1,1,1,1,1,1
371,1,0,1,0,0,1,0,1,1,0,0,1,0,0,0,1,0,0,0,0
372,0,0,0,0,1,1,0,0,1,0,0,1,0,1,0,1,0,0,0,0
373,0,1,1,0,0,1,0,1,1,0,0,0,0,1,0,1,0,1,0,0
374,1,1,1,1,1,1,0,1,1,1,1,1,1,1,1,1,1,0,0,1
375,1,1,1,0,1,1,1,1,1,1,1,1,0,1,1,1,1,1,0,1
376,1,1,1,1,1,1,0,1,1,1,0,1,1,1,1,1,1,1,0,1
377,0,0,0,0,1,1,0,0,1,0,0,1,0,1,0,1,0,0,0,0
378,1,1,1,0,1,1,0,0,1,0,1,1,0,1,0,1,0,1,0,0
379,1,1,1,0,1,1,0,1,1,0,0,1,0,1,1,1,0,1,0,0
380,1,0,0,0,0,1,0,1,1,0,0,0,0,1,0,1,0,0,0,0
381,1,1,1,0,0,1,0,0,0,0,0,1,0,1,0,1,0,0,0,0
382,0,1,1,0,1,1,0,1,1,0,0,1,0,1,0,1,0,0,0,0
383,1,1,1,1,1,1,1,1,1,0,1,1,0,1,1,1,1,1,1,1
384,1,1,1,1,1,1,1,1,1,1,0,1,1,1,1,1,1,1,0,0
385,1,1,1,1,1,1,0,1,0,0,1,1,1,1,1,1,1,1,1,1
386,1,1,1,0,1,1,0,0,1,1,0,1,0,1,0,1,0,0,0,0
387,0,0,0,0,1,1,0,0,1,0,0,1,0,1,0,1,0,0,0,0
388,1,1,1,0,1,1,0,1,0,0,0,1,0,1,0,1,0,0,0,0
389,1,1,1,1,1,1,1,1,1,1,1,1,0,1,1,1,1,1,1,1
390,0,0,0,0,1,1,0,1,1,0,0,1,0,1,0,1,0,1,0,0
391,0,1,1,0,1,1,0,1,0,0,0,1,0,1,0,1,0,0,0,0
392,0,0,0,0,0,1,0,0,0,0,0,1,0,1,0,1,0,0,0,0
393,0,0,0,0,1,1,0,0,0,0,0,1,0,1,0,1,0,0,0,0
394,1,1,1,1,1,1,1,1,1,1,1,1,1,1,1,1,1,1,1,1
395,0,0,0,0,1,0,0,1,1,0,0,0,0,0,0,0,0,0,0,0
396,1,1,1,1,1,1,1,1,1,1,1,1,1,1,1,1,1,1,1,1
397,0,0,0,0,1,0,0,1,1,0,0,0,0,0,0,0,0,0,0,0
398,1,1,1,0,1,1,0,1,1,0,0,1,0,1,0,1,0,0,0,0
399,0,0,0,0,0,0,0,1,0,0,0,0,0,0,0,0,0,0,0,0
400,0,1,1,1,0,1,1,1,1,1,1,1,1,1,1,1,1,1,1,1
401,1,1,1,0,0,1,1,1,0,0,0,0,0,1,1,1,0,0,0,0
402,1,1,1,1,1,1,0,1,1,1,1,0,1,1,0,1,0,1,0,1
403,1,1,1,1,1,1,1,1,0,0,1,1,1,1,0,1,1,1,1,1
404,0,0,0,1,0,1,0,1,1,0,0,1,0,1,1,1,0,0,0,0
405,1,1,1,1,1,1,0,1,1,1,1,1,1,1,0,1,1,1,0,1
406,0,0,0,1,0,0,0,1,0,0,0,0,0,0,0,0,0,0,0,0
407,0,0,0,0,0,1,0,1,1,0,0,1,0,1,1,1,0,0,0,0
408,0,0,0,1,0,0,0,1,0,0,0,0,0,0,0,0,0,0,0,0
409,1,1,1,1,1,1,1,1,0,0,1,1,1,1,1,1,1,0,1,0
410,1,1,1,0,1,1,1,1,1,1,0,1,1,1,1,1,1,1,1,1
411,1,0,1,0,1,1,0,0,1,0,0,1,0,1,0,1,0,0,0,0
412,0,0,0,0,0,1,0,1,1,0,0,1,0,1,0,1,0,0,0,0
413,1,1,1,0,1,1,1,1,1,1,1,1,1,1,1,1,1,1,1,1
414,0,0,0,0,0,0,0,0,0,0,0,1,0,1,0,1,0,0,0,0
415,0,0,0,0,1,0,0,0,1,0,0,0,0,0,0,0,0,0,0,0
416,0,0,0,0,0,1,0,1,1,0,0,1,0,1,0,1,1,0,0,0
417,0,0,0,0,1,1,0,0,0,0,1,1,0,1,0,1,0,0,0,0
418,0,0,0,1,0,1,0,1,1,0,0,0,0,1,0,1,0,0,0,0
419,1,1,1,0,1,1,0,1,1,0,0,1,0,1,0,1,0,0,0,0
420,0,0,0,1,1,1,0,1,1,0,1,0,0,1,0,1,0,0,0,0
421,0,0,0,0,1,0,0,0,1,0,0,0,0,0,0,0,0,0,0,0
422,1,1,1,1,0,1,0,0,1,0,1,1,1,1,1,1,1,1,1,0
423,0,0,0,0,1,0,0,1,0,0,0,0,0,0,0,0,0,0,0,0
424,0,0,0,0,1,1,0,1,1,0,0,1,0,1,0,1,0,0,0,0
425,0,0,0,0,1,1,0,1,1,0,0,1,0,1,0,1,0,0,0,0
426,0,0,0,1,0,0,0,1,0,0,0,0,0,0,0,0,0,0,0,0
427,0,1,0,0,1,1,0,0,1,0,0,0,0,1,0,1,0,0,0,0
428,1,1,1,1,1,1,0,1,1,1,1,1,1,1,0,1,1,1,0,1
429,1,1,1,1,1,1,1,1,1,1,1,1,0,1,1,1,1,1,0,1
430,0,0,0,1,0,1,0,1,1,0,0,1,0,1,0,1,0,0,0,0
431,1,1,1,1,1,1,1,1,1,1,1,1,1,1,1,1,1,1,1,1
432,1,1,1,1,0,1,1,1,1,1,1,1,0,1,1,1,1,1,0,1
433,1,1,1,1,0,1,1,1,1,1,1,1,0,1,1,1,1,1,0,1
434,1,1,1,1,1,1,0,1,1,1,1,1,1,1,1,1,1,1,0,1
435,0,0,0,0,0,0,0,1,1,0,0,0,0,0,0,0,0,0,0,0
436,0,0,0,1,0,0,0,1,0,0,0,0,0,0,0,0,0,0,0,0
437,0,0,0,0,0,1,0,1,1,0,0,1,0,1,0,1,0,0,0,0
438,1,1,1,0,0,1,1,1,1,0,0,1,0,1,1,1,0,0,0,0
439,1,0,1,1,1,1,1,1,1,1,1,1,1,1,1,1,1,0,0,1
440,1,1,0,1,1,1,1,1,1,1,1,1,0,1,1,1,1,1,0,1
441,0,0,0,0,1,0,0,1,1,0,0,0,0,0,0,0,0,0,0,0
442,0,0,0,1,0,0,0,1,0,0,0,0,0,0,0,0,0,0,0,0
443,1,1,1,1,0,1,1,1,1,0,1,1,0,1,0,1,1,1,1,1
444,1,1,1,0,1,1,1,1,1,0,0,1,0,1,1,1,0,1,0,0
445,1,1,1,1,1,1,1,1,1,0,1,1,1,1,1,1,1,1,1,1
446,0,0,0,1,0,0,0,1,0,0,0,0,0,0,0,0,0,0,0,0
447,1,1,1,1,1,1,0,1,1,1,1,1,1,1,0,1,0,1,0,1
448,1,1,1,0,0,1,1,1,1,0,0,1,1,1,1,1,0,1,0,0
449,1,1,1,1,0,1,0,1,0,1,1,1,0,0,0,1,0,0,0,0
450,0,0,0,0,0,1,0,0,1,0,1,1,0,1,0,1,0,0,0,0
451,0,0,0,0,0,1,0,1,1,0,0,1,0,0,0,1,0,0,0,0
452,0,0,0,0,0,1,1,1,0,0,0,1,0,1,0,1,0,0,0,0
453,1,1,1,1,0,1,1,1,1,1,1,1,1,1,1,1,1,0,1,1
454,0,0,0,1,0,0,0,1,0,0,0,0,0,0,0,0,0,0,0,0
455,0,0,0,0,1,0,0,1,1,0,0,0,0,1,1,1,1,0,0,0
456,1,1,1,1,1,1,1,1,1,1,1,1,0,1,1,1,1,0,1,1
457,0,1,1,1,1,1,0,1,0,0,0,1,0,1,0,1,0,1,0,0
458,1,1,1,1,1,1,1,1,1,0,1,1,0,1,1,1,1,1,1,1
459,1,1,1,1,1,1,1,1,0,1,1,1,0,1,1,1,1,0,1,1
460,1,1,1,0,1,1,1,1,0,0,0,1,0,1,1,1,0,0,0,0
461,1,1,1,0,1,1,1,1,1,0,0,1,0,1,1,1,0,1,0,0
462,0,0,0,0,1,1,0,0,1,0,0,1,0,1,0,0,0,0,0,0
463,1,0,0,1,1,1,0,1,1,0,0,1,0,0,0,1,0,0,0,0
464,0,1,1,1,1,1,1,1,1,0,1,1,1,1,1,1,0,1,0,1
465,1,1,1,0,1,1,1,0,1,0,0,1,0,1,0,1,0,1,0,0
466,1,1,1,1,1,1,0,1,1,1,1,1,0,1,1,1,1,1,0,1
467,0,1,0,0,0,1,0,1,1,0,0,1,0,1,0,1,0,0,0,0
468,1,1,1,1,1,1,1,1,1,1,1,1,0,1,1,1,1,1,1,1
469,1,1,1,0,1,1,1,0,0,0,0,1,0,1,1,1,0,1,0,0
470,1,1,1,1,1,1,1,1,1,1,0,1,0,1,0,1,1,0,0,1
471,1,1,1,0,1,1,1,1,1,0,0,1,0,1,1,1,0,1,0,0
472,1,1,1,1,1,1,1,1,1,1,1,1,0,1,1,1,1,1,0,1
473,1,1,1,0,1,1,0,0,1,1,1,1,0,1,1,1,1,1,1,1
474,1,1,1,0,1,1,0,0,1,1,1,1,0,1,1,1,1,1,1,1
475,0,0,0,0,0,0,0,1,0,0,0,0,0,0,0,0,0,0,0,0
476,1,1,1,1,1,1,1,1,1,1,1,1,1,1,1,1,1,1,0,1
477,1,1,1,0,1,1,1,1,0,0,0,1,0,1,1,1,0,0,0,0
478,1,1,0,1,1,1,1,1,1,1,0,1,0,1,1,1,1,1,0,1
479,0,1,1,0,1,1,0,0,1,0,0,1,0,1,0,1,0,0,0,0
480,1,1,1,0,1,1,0,1,1,1,0,1,1,1,1,1,1,1,0,1
481,1,1,1,1,1,1,1,1,1,0,1,1,0,1,1,1,1,1,0,1
482,0,0,0,1,0,1,0,1,1,0,0,1,0,1,0,0,0,0,0,0
483,1,1,1,1,0,1,0,1,1,0,0,1,0,1,0,1,0,0,0,0
484,1,1,1,0,1,1,0,1,1,0,0,1,0,1,0,1,0,0,0,0
485,1,1,1,0,1,1,0,1,1,0,0,1,0,1,0,1,0,0,0,0
486,0,0,0,1,0,1,0,1,0,0,1,1,0,1,0,1,1,1,0,0
487,1,1,0,1,1,1,0,1,1,1,1,1,0,1,0,1,1,1,0,1
488,0,0,0,0,1,1,0,1,1,0,0,1,0,1,0,1,0,0,0,0
489,1,1,1,1,1,1,0,1,1,1,1,1,1,1,1,1,1,1,0,0
490,0,1,0,0,1,1,0,1,1,0,0,1,0,0,0,1,0,0,0,0
491,0,0,0,1,0,0,0,1,0,0,0,0,0,0,0,0,0,0,0,0
492,1,1,1,0,1,1,1,1,1,1,0,1,0,1,0,1,0,0,0,0
493,0,0,0,0,0,0,0,0,1,0,0,0,0,0,0,0,0,0,0,0
494,1,1,1,1,1,1,1,1,1,1,1,1,0,0,1,1,1,1,1,1
495,0,0,0,1,0,1,0,0,0,0,0,0,0,0,0,0,0,0,0,0
496,1,1,1,1,1,1,0,1,0,1,1,1,0,1,1,1,1,1,0,0
497,0,0,0,1,0,0,0,0,1,0,0,0,0,0,0,0,0,0,0,0
498,0,0,0,0,1,0,0,0,0,0,0,0,0,0,0,0,0,0,0,0
499,0,0,0,1,0,0,0,0,0,0,0,0,0,0,0,0,0,0,0,0
500,0,0,0,0,0,1,0,1,1,0,0,1,0,0,0,1,0,0,0,0
501,1,1,1,0,1,1,0,1,1,0,0,1,0,1,1,1,0,0,0,0
502,0,0,0,0,0,1,0,1,1,0,1,1,0,1,0,0,0,0,0,0
503,0,0,0,0,1,0,0,0,0,0,0,0,0,0,0,0,0,0,0,0
504,0,0,0,0,1,1,0,0,0,0,0,1,0,1,0,1,0,0,0,0
505,0,0,0,1,0,0,0,0,0,0,0,1,0,0,0,0,0,0,0,0
506,0,0,0,1,0,0,0,0,0,0,0,0,0,0,0,0,0,0,0,0
507,0,0,0,0,0,0,0,1,1,0,0,1,0,1,0,1,0,0,0,0
508,0,0,0,0,0,1,0,0,1,0,0,1,0,1,0,1,0,0,0,0
509,0,0,0,1,0,0,0,0,0,0,0,0,0,0,0,0,0,0,0,0
510,0,0,0,0,1,0,0,0,0,0,1,0,0,0,0,0,0,0,0,0
511,0,0,0,0,1,1,0,1,1,0,0,1,0,1,0,1,0,0,0,0
512,0,0,0,0,1,1,0,0,1,0,0,1,0,1,0,1,0,0,0,0
513,1,1,1,1,1,1,1,1,0,1,1,1,0,1,1,1,0,0,0,1
514,0,0,0,0,0,1,0,1,1,0,0,1,0,1,0,1,0,0,0,0
515,0,0,0,0,0,1,0,1,0,0,0,1,0,1,0,1,0,0,0,0
516,0,0,0,0,1,1,0,1,0,0,0,1,0,1,0,1,0,0,0,0
517,0,0,0,0,1,1,0,1,0,0,0,0,0,0,0,0,0,0,0,0
518,1,1,1,1,0,1,0,1,1,0,1,1,0,1,0,1,0,0,0,0
519,0,0,0,1,0,0,0,0,0,0,0,0,0,0,0,0,0,0,0,0
520,1,1,1,1,1,1,1,1,1,1,1,1,0,1,0,1,0,1,0,0
521,0,0,0,0,0,0,0,0,0,0,1,1,0,0,0,0,0,0,0,0
522,0,0,0,0,0,1,0,0,0,0,0,0,0,0,0,0,0,0,0,0
523,0,0,0,0,0,0,0,0,0,0,0,0,0,0,0,1,0,0,0,0
524,0,0,0,1,0,0,0,1,0,0,0,0,0,0,0,0,0,0,0,0
525,0,0,0,0,0,0,0,0,0,0,1,0,0,0,0,0,0,0,0,0
526,0,0,0,0,0,1,0,0,0,0,0,0,0,0,0,0,0,0,0,0
527,1,1,1,1,0,1,0,1,1,0,0,1,0,1,1,1,0,0,0,0
528,1,1,1,1,0,1,0,1,1,0,0,1,0,1,1,1,0,0,0,0
529,0,0,0,0,0,0,0,0,0,0,0,0,0,1,0,0,0,0,0,0
530,0,0,0,0,0,0,0,0,0,0,0,0,0,0,1,0,0,0,0,0
531,0,0,0,0,0,0,0,1,0,0,1,0,0,0,0,0,0,0,0,0
532,0,0,0,0,0,0,0,0,0,0,0,0,0,0,0,0,0,0,0,0
533,1,1,1,1,1,1,1,1,0,1,1,1,1,1,0,1,1,1,0,0
534,0,0,0,0,0,0,0,0,0,0,0,0,0,0,0,0,0,0,0,0
535,1,1,1,1,0,1,1,1,1,1,1,1,1,1,1,1,0,1,0,0
536,1,1,1,1,1,1,0,1,0,0,0,1,0,1,1,1,0,0,0,0
