,epoch,loss,aar,par,val_loss,val_aar,val_par,x_loss,x_aar,x_par
0,1,0.23842925,0.7135417,0.3515625,0.23835546,0.78061867,0.38352275,0.23773251,0.7666667,0.425
1,2,0.24022523,0.7044271,0.37890625,0.23373549,0.79387635,0.43371212,0.2343972,0.76562506,0.44375
2,3,0.23225811,0.7434896,0.37890625,0.2311525,0.7869319,0.4535985,0.22986488,0.77326393,0.4625
3,4,0.22648738,0.7981771,0.53125,0.22581337,0.8248107,0.5359849,0.22724639,0.78472227,0.475
4,5,0.22568512,0.7630209,0.41796875,0.22146675,0.83143944,0.5359849,0.22379832,0.7881945,0.4854167
5,6,0.22817163,0.72265625,0.41796875,0.21828459,0.8181819,0.5160985,0.2202398,0.78472227,0.475
6,7,0.21721292,0.80338544,0.5390625,0.2133261,0.8248107,0.5160985,0.21569584,0.79513896,0.5010417
7,8,0.22206807,0.72265625,0.41796875,0.21167299,0.80492425,0.47632575,0.21341856,0.7881945,0.490625
8,9,0.2137876,0.7630209,0.41796875,0.21005408,0.7916667,0.47632575,0.2090706,0.78993064,0.4854167
9,10,0.20566487,0.80338544,0.5390625,0.2027775,0.811553,0.49621212,0.20602813,0.7864584,0.4854167
10,11,0.19995737,0.80338544,0.5390625,0.19502518,0.83143944,0.5359849,0.20152052,0.7951389,0.5010417
11,12,0.19772932,0.80338544,0.5390625,0.19170956,0.844697,0.5757576,0.19887878,0.7881945,0.490625
12,13,0.21173707,0.72265625,0.41796875,0.1895412,0.8481692,0.59659094,0.19689365,0.7864584,0.49687502
13,14,0.20053706,0.76171875,0.41796875,0.19019309,0.8216541,0.5369319,0.19515161,0.7795139,0.48125002
14,15,0.18694946,0.8020834,0.5390625,0.18614742,0.8216541,0.5369319,0.19056016,0.7861111,0.4885417
15,16,0.19087377,0.7591146,0.4140625,0.17890863,0.84154046,0.59659094,0.18687014,0.7861111,0.49895835
16,17,0.1897153,0.7591146,0.4140625,0.17748827,0.8349117,0.5568182,0.18423632,0.7895834,0.49375
17,18,0.18845478,0.7591146,0.4140625,0.17540812,0.81502527,0.5170455,0.18176162,0.79236114,0.5041667
18,19,0.18116054,0.80078125,0.53515625,0.17126974,0.8484849,0.5975379,0.17991714,0.80451393,0.5322917
19,20,0.17288788,0.81901044,0.58203125,0.16881108,0.8418561,0.5975379,0.17749129,0.80208343,0.52708334
20,21,0.17957869,0.7786459,0.4609375,0.17278397,0.82196975,0.5577652,0.17401789,0.8079861,0.5479167
21,22,0.18627714,0.73828125,0.46484375,0.16138068,0.8484849,0.5975379,0.17329858,0.80486107,0.54062504
22,23,0.18291107,0.78515625,0.46484375,0.15876745,0.8519571,0.5975379,0.1697311,0.8194445,0.5510417
23,24,0.17389801,0.7916667,0.47265625,0.151382,0.8791036,0.6789774,0.16780196,0.83055556,0.5822917
24,25,0.16148531,0.8372396,0.609375,0.15822196,0.8525884,0.6193182,0.16662203,0.82534724,0.5666667
25,26,0.17034245,0.796875,0.48828125,0.15543604,0.86584604,0.63920456,0.1639105,0.82881945,0.57708335
26,27,0.16705894,0.796875,0.48828125,0.14796346,0.88257587,0.689394,0.16052273,0.8392361,0.59583336
27,28,0.17339638,0.80338544,0.4921875,0.15061152,0.8693182,0.64962125,0.15901779,0.8392362,0.59583336
28,29,0.16604352,0.8046875,0.49609375,0.14959922,0.8797349,0.7007576,0.15889709,0.83750004,0.59583336
29,30,0.17361435,0.8046875,0.49609375,0.14907648,0.8797349,0.7007576,0.15647675,0.8392361,0.60104173
30,31,0.15071687,0.8450521,0.6171875,0.14897813,0.8664774,0.6808712,0.15670793,0.83576393,0.590625
31,32,0.17084502,0.7630209,0.49609375,0.14638406,0.8664774,0.6609849,0.15594254,0.83402777,0.590625
32,33,0.16042611,0.8046875,0.49609375,0.14510915,0.8731061,0.6808712,0.15452208,0.83576393,0.590625
33,34,0.15417053,0.8450521,0.6171875,0.14201155,0.8863637,0.7007576,0.15165363,0.8392362,0.60625
34,35,0.15179494,0.8450521,0.6171875,0.13766715,0.8863637,0.7007576,0.1505701,0.8392361,0.60104173
35,36,0.14517495,0.8463542,0.62109375,0.13773218,0.8863637,0.7007576,0.14888851,0.83576393,0.59583336
36,37,0.14764453,0.85026044,0.6328125,0.1367476,0.8964647,0.7310607,0.1496233,0.8385417,0.6145834
37,38,0.18071444,0.7708334,0.515625,0.12759261,0.90972227,0.7708334,0.1470493,0.84375,0.609375
38,39,0.14203724,0.8515625,0.63671875,0.14001033,0.85669196,0.6515152,0.14585279,0.84027785,0.609375
39,40,0.17105511,0.7708334,0.515625,0.13430542,0.8832071,0.6912879,0.14363126,0.8482639,0.6229167
40,41,0.13904557,0.8528646,0.640625,0.13726151,0.87657833,0.6912879,0.14396495,0.8402778,0.609375
41,42,0.14310533,0.8528646,0.640625,0.13028467,0.8832071,0.6912879,0.1427284,0.8465279,0.6177084
42,43,0.1365579,0.8528646,0.640625,0.13357295,0.87657833,0.6912879,0.14101453,0.8482639,0.6229167
43,44,0.14790618,0.8125,0.51953125,0.12307894,0.9030935,0.750947,0.13935676,0.84652776,0.6229167
44,45,0.1340101,0.8528646,0.640625,0.12699057,0.88983583,0.71117425,0.14139216,0.8447917,0.6177084
45,46,0.13441639,0.8528646,0.640625,0.13147588,0.85669196,0.6515152,0.13844562,0.8482639,0.6229167
46,47,0.13877621,0.8528646,0.640625,0.12539838,0.9002525,0.751894,0.13743961,0.8506945,0.62708336
47,48,0.1547573,0.8138021,0.5234375,0.12514849,0.9002525,0.7320076,0.13619767,0.8506945,0.63229173
48,49,0.15418828,0.8138021,0.5234375,0.12743554,0.9002526,0.7320076,0.13637893,0.84895843,0.621875
49,50,0.13043037,0.8541667,0.64453125,0.12570617,0.886995,0.7121212,0.1362396,0.84895843,0.621875
50,51,0.15472582,0.8138021,0.5234375,0.12455552,0.9002525,0.7320076,0.13858001,0.84375,0.621875
51,52,0.14361265,0.8138021,0.5234375,0.1275365,0.886995,0.7121212,0.13551562,0.8538195,0.6302084
52,53,0.13099197,0.85807294,0.6484375,0.12543577,0.886995,0.7121212,0.13317299,0.8572917,0.640625
53,54,0.14394698,0.8177084,0.52734375,0.11870559,0.90688133,0.751894,0.13375838,0.85555553,0.640625
54,55,0.1328652,0.85807294,0.6484375,0.12474434,0.9002525,0.751894,0.13525791,0.8520833,0.6302084
55,56,0.1360119,0.8177084,0.52734375,0.121035844,0.89362377,0.7320076,0.13256036,0.85555553,0.640625
56,57,0.12640633,0.85807294,0.6484375,0.11572218,0.90688133,0.751894,0.1318103,0.85555553,0.6354167
57,58,0.15254599,0.77734375,0.52734375,0.116804175,0.90688133,0.751894,0.13302837,0.8520834,0.6302084
58,59,0.15305462,0.8177084,0.52734375,0.11489606,0.89362377,0.7320076,0.13087349,0.85555553,0.6354167
59,60,0.1308425,0.85807294,0.6484375,0.11579046,0.90688133,0.751894,0.13005082,0.8548611,0.6333334
60,61,0.124405585,0.859375,0.65234375,0.11581877,0.9002525,0.751894,0.13039455,0.8538195,0.6354167
61,62,0.14943093,0.77734375,0.52734375,0.12259986,0.89709604,0.7225379,0.1297023,0.85763896,0.646875
62,63,0.12944144,0.859375,0.65234375,0.11909335,0.89709604,0.74242425,0.12871341,0.85763896,0.646875
63,64,0.13025406,0.859375,0.65234375,0.11786871,0.90372485,0.74242425,0.12954848,0.8524305,0.63125
64,65,0.12842876,0.859375,0.65234375,0.120733365,0.89046717,0.7225379,0.13085814,0.8524305,0.63645834
65,66,0.12918492,0.8619792,0.65625,0.11372065,0.9103536,0.7623107,0.12929004,0.85625,0.6447917
66,67,0.14321145,0.8216146,0.53515625,0.11645081,0.9103536,0.7623107,0.1270579,0.86319447,0.65520835
67,68,0.1371689,0.8216146,0.53515625,0.11093223,0.9103536,0.7623107,0.1277814,0.85972226,0.6447917
68,69,0.14232373,0.8216146,0.53515625,0.1158928,0.89709604,0.7225379,0.13319938,0.84409726,0.6135417
69,70,0.1316021,0.8216146,0.53515625,0.11588335,0.89709604,0.74242425,0.12608711,0.8614584,0.65000004
70,71,0.12911457,0.8619792,0.65625,0.11093557,0.91698235,0.782197,0.12550728,0.86076397,0.64791673
71,72,0.12700473,0.86328125,0.66015625,0.1151323,0.89709604,0.74242425,0.12599097,0.85902786,0.64270836
72,73,0.12618111,0.86328125,0.66015625,0.117907286,0.9037248,0.74242425,0.1257563,0.86180556,0.65833336
73,74,0.14459243,0.7838542,0.5390625,0.121563956,0.8838384,0.7026515,0.12661424,0.86006945,0.64791673
74,75,0.119522616,0.8645834,0.66015625,0.11408524,0.89709604,0.74242425,0.1266915,0.8583334,0.64791673
75,76,0.12372474,0.8645834,0.66015625,0.11557873,0.89046717,0.7225379,0.1234952,0.8652779,0.65833336
76,77,0.123094074,0.8645834,0.66015625,0.11091988,0.91698235,0.782197,0.12247262,0.8652779,0.65833336
77,78,0.12866257,0.82421875,0.5390625,0.11153248,0.89709604,0.7225379,0.12532046,0.8583333,0.64270836
78,79,0.12363336,0.8645834,0.66015625,0.10487312,0.91698235,0.782197,0.12242883,0.8652779,0.65833336
79,80,0.12471783,0.8645834,0.66015625,0.107524715,0.9103536,0.7623107,0.123032115,0.86006945,0.653125
80,81,0.12205981,0.8645834,0.66015625,0.11480686,0.89709604,0.7225379,0.12526363,0.85312504,0.63229173
81,82,0.118431605,0.8645834,0.66015625,0.10997051,0.91382587,0.7727274,0.122693755,0.8604166,0.6489584
82,83,0.13234526,0.8255209,0.54296875,0.11396058,0.907197,0.75284094,0.12303173,0.8604167,0.64375
83,84,0.14145175,0.8255209,0.54296875,0.12035474,0.87720966,0.6827652,0.12129309,0.8635417,0.65833336
84,85,0.13616316,0.82421875,0.5390625,0.106910035,0.9204546,0.7926137,0.12207121,0.86215276,0.6489584
85,86,0.13676092,0.8255209,0.54296875,0.1130465,0.907197,0.7727274,0.12143272,0.8604167,0.6489584
86,87,0.11728896,0.86588544,0.6640625,0.1090376,0.907197,0.7727274,0.12084736,0.8638889,0.6541667
87,88,0.11531092,0.86588544,0.6640625,0.11704844,0.89046717,0.7026515,0.123428,0.85659724,0.6375
88,89,0.13070622,0.8255209,0.54296875,0.11912678,0.8873107,0.7130682,0.12250614,0.8569445,0.6385417
89,90,0.1202714,0.86588544,0.6640625,0.11056654,0.907197,0.75284094,0.12224064,0.85868055,0.6489584
90,91,0.14112014,0.7864584,0.546875,0.10742511,0.91382587,0.7727274,0.120595016,0.86319447,0.6572917
91,92,0.11930268,0.8671875,0.66796875,0.100918114,0.9270834,0.8125,0.12042677,0.86493057,0.6572917
92,93,0.12928405,0.82682294,0.546875,0.113674544,0.89393944,0.75284094,0.12130741,0.85972226,0.6416667
93,94,0.13778585,0.8255209,0.54296875,0.10603881,0.91382587,0.7727274,0.118465774,0.86493057,0.6625
94,95,0.119247355,0.8671875,0.66796875,0.11084603,0.89393944,0.7130682,0.11775694,0.86666673,0.6625
95,96,0.118648514,0.8671875,0.66796875,0.10526644,0.9204546,0.7926137,0.12196886,0.85798615,0.6416667
96,97,0.11285479,0.8684896,0.66796875,0.108945906,0.91382587,0.7727274,0.11766195,0.86666673,0.6625
97,98,0.11255567,0.8671875,0.66796875,0.104554996,0.907197,0.7727274,0.1190083,0.86319447,0.65208334
98,99,0.117728814,0.8671875,0.66796875,0.10896804,0.907197,0.75284094,0.120268725,0.85972226,0.646875
99,100,0.11635956,0.8697917,0.671875,0.10504739,0.907197,0.75284094,0.11577978,0.8704862,0.66770834
100,101,0.13201281,0.828125,0.546875,0.110510424,0.8873107,0.7130682,0.11651726,0.8697917,0.67083335
101,102,0.12664583,0.8307292,0.55078125,0.104550265,0.91382587,0.7727274,0.116226815,0.8694445,0.67083335
102,103,0.11116262,0.8684896,0.671875,0.105091736,0.91382587,0.7727274,0.1183723,0.8625,0.6604167
103,104,0.11088373,0.87109375,0.671875,0.103923246,0.907197,0.75284094,0.115554646,0.8715278,0.67083335
104,105,0.11093013,0.8697917,0.671875,0.110510096,0.89393944,0.7329545,0.12030592,0.85763896,0.6447917
105,106,0.111750364,0.87109375,0.671875,0.11578523,0.8873107,0.7130682,0.115652636,0.8663195,0.6604167
106,107,0.12174692,0.8307292,0.55078125,0.10291805,0.91382587,0.7727274,0.11764441,0.86284727,0.65520835
107,108,0.11868323,0.8294271,0.55078125,0.10108944,0.9204546,0.7926137,0.114771746,0.8697917,0.66562504
108,109,0.1275544,0.8307292,0.55078125,0.11087786,0.8806819,0.7130682,0.11550485,0.8663195,0.6604167
109,110,0.11185772,0.87109375,0.671875,0.100161925,0.91382587,0.7727274,0.11452563,0.8663195,0.65520835
110,111,0.11627503,0.8723959,0.67578125,0.10031535,0.91382587,0.7727274,0.11346199,0.87569445,0.68333334
111,112,0.108972594,0.875,0.68359375,0.09780972,0.91382587,0.7727274,0.11781287,0.86111116,0.6447917
112,113,0.11352326,0.87109375,0.671875,0.10198872,0.907197,0.75284094,0.114756085,0.8704862,0.66770834
113,114,0.12228319,0.8359375,0.56640625,0.10442221,0.9005682,0.75284094,0.11315602,0.87326396,0.6729167
114,115,0.11269147,0.8763021,0.6875,0.101381145,0.91382587,0.7727274,0.116255514,0.8680555,0.6625
115,116,0.10899782,0.8776042,0.6875,0.0965476,0.9270834,0.8125,0.112950206,0.87222224,0.678125
116,117,0.111344695,0.8776042,0.6875,0.101277106,0.907197,0.75284094,0.11276648,0.87326396,0.678125
117,118,0.108380735,0.8776042,0.6875,0.09602656,0.9270834,0.8125,0.109850526,0.87569445,0.68333334
118,119,0.11152458,0.8776042,0.6875,0.10387263,0.8873107,0.7130682,0.1135123,0.86527777,0.6572917
119,120,0.119063675,0.8359375,0.56640625,0.09621664,0.9204546,0.7926137,0.11187112,0.86701393,0.66770834
120,121,0.11432801,0.8763021,0.6875,0.09896352,0.9204546,0.7926137,0.11263376,0.8697917,0.6729167
121,122,0.12019924,0.8372396,0.56640625,0.09316399,0.9270834,0.8125,0.11058678,0.87326396,0.6729167
122,123,0.10538797,0.8776042,0.6875,0.09792189,0.907197,0.75284094,0.112445734,0.86701393,0.66770834
123,124,0.109466106,0.8763021,0.6875,0.09312025,0.9270834,0.8125,0.10856795,0.8767361,0.68333334
124,125,0.11086012,0.8776042,0.6875,0.10370189,0.9005682,0.75284094,0.10974109,0.87326396,0.6729167
125,126,0.1296937,0.8372396,0.56640625,0.09932389,0.89393944,0.7329545,0.108470574,0.8715278,0.6729167
126,127,0.114091724,0.8372396,0.56640625,0.096476644,0.91382587,0.7727274,0.107268594,0.875,0.678125
127,128,0.11333638,0.8372396,0.56640625,0.100045726,0.89393944,0.7130682,0.10825076,0.8697917,0.6625
128,129,0.11315802,0.8372396,0.56640625,0.09342172,0.9204546,0.7926137,0.1086154,0.87152785,0.66770834
129,130,0.104954794,0.8776042,0.6875,0.09539245,0.907197,0.75284094,0.10743757,0.8697917,0.66770834
130,131,0.11512342,0.8372396,0.56640625,0.093930066,0.91382587,0.7727274,0.10872916,0.86458343,0.6625
131,132,0.10124629,0.8776042,0.6875,0.09427689,0.907197,0.7727274,0.1089834,0.8663195,0.6572917
132,133,0.103052005,0.8776042,0.6875,0.09135151,0.9204546,0.7926137,0.10772961,0.8680555,0.66770834
133,134,0.11177795,0.8372396,0.56640625,0.09056388,0.907197,0.75284094,0.103904605,0.8767361,0.6885417
134,135,0.09972456,0.8776042,0.6875,0.092187524,0.9204546,0.7926137,0.10536098,0.87152785,0.6729167
135,136,0.099352606,0.8776042,0.6875,0.09078957,0.91382587,0.7727274,0.10263162,0.875,0.678125
136,137,0.10277946,0.8776042,0.6875,0.09265138,0.9204546,0.7926137,0.10382111,0.87152785,0.66770834
137,138,0.10221928,0.8880209,0.71875,0.095004976,0.9242425,0.8039774,0.10385173,0.8850695,0.71875
138,139,0.10600012,0.8919271,0.73046875,0.092280835,0.9343435,0.8342804,0.10116992,0.89444447,0.73645836
139,140,0.10160461,0.89453125,0.73828125,0.09487176,0.9245581,0.7945076,0.10372873,0.8923611,0.7291667
140,141,0.10072459,0.8997396,0.7421875,0.088681996,0.94128793,0.8342804,0.10222292,0.89826393,0.7375
141,142,0.10064699,0.90234375,0.74609375,0.09235828,0.94128793,0.8342804,0.10331757,0.89791673,0.7385417
142,143,0.11106677,0.8645834,0.6328125,0.09378611,0.9245581,0.78409094,0.101758935,0.90034735,0.7354167
143,144,0.100517526,0.90625,0.7578125,0.0909742,0.9245581,0.78409094,0.10068685,0.90243053,0.746875
144,145,0.09896263,0.90625,0.7578125,0.09337245,0.92455816,0.78409094,0.101583496,0.8972222,0.73645836
145,146,0.09660131,0.9075521,0.76171875,0.087879226,0.93781567,0.8238637,0.10020554,0.9041667,0.746875
146,147,0.101642646,0.9075521,0.76171875,0.09257584,0.92455816,0.78409094,0.09994027,0.90000004,0.734375
147,148,0.100703,0.9075521,0.76171875,0.09473662,0.91792935,0.7642045,0.099312976,0.90347224,0.746875
148,149,0.09722053,0.9088542,0.76171875,0.092928395,0.9311869,0.8039774,0.09935662,0.9010417,0.73645836
149,150,0.09728154,0.9075521,0.7578125,0.092519015,0.91130054,0.7443182,0.0971492,0.90798616,0.75208336
150,151,0.093094215,0.91015625,0.76171875,0.087533884,0.93781567,0.8238637,0.09712251,0.90902776,0.7552084
151,152,0.11459513,0.8697917,0.640625,0.08927634,0.94128793,0.8342804,0.09717677,0.90555555,0.7447917
152,153,0.11007172,0.8684896,0.63671875,0.098412834,0.9214015,0.7945076,0.09684228,0.9090279,0.7552084
153,154,0.096033335,0.91015625,0.76171875,0.08797704,0.94128793,0.8342804,0.096282,0.9090279,0.7552084
154,155,0.09536424,0.91015625,0.76171875,0.09562763,0.9214015,0.7746212,0.09574417,0.9090279,0.7552084
155,156,0.096008375,0.91015625,0.76171875,0.09450373,0.9214015,0.7746212,0.09637447,0.9072917,0.7552084
156,157,0.104780465,0.8697917,0.640625,0.08849348,0.9346592,0.814394,0.096232705,0.90555567,0.75
157,158,0.09125629,0.91015625,0.76171875,0.09403195,0.9214015,0.7746212,0.09597067,0.9083334,0.7552084
158,159,0.09419368,0.91276044,0.765625,0.08628132,0.94128793,0.8342804,0.09651248,0.9041667,0.7427084
159,160,0.10288573,0.8723959,0.64453125,0.090612344,0.9280304,0.814394,0.094299555,0.9128472,0.7635417
160,161,0.09346922,0.91015625,0.7578125,0.08695306,0.9176137,0.7632576,0.09550181,0.90243065,0.7375
161,162,0.10657515,0.8723959,0.64453125,0.088682435,0.9176137,0.7632576,0.0934064,0.9059028,0.7427084
162,163,0.1061092,0.8697917,0.63671875,0.08780067,0.9242425,0.783144,0.09443609,0.9006945,0.7322917
163,164,0.09267405,0.9114584,0.76171875,0.089627445,0.92108583,0.77367425,0.094127834,0.91354173,0.765625
164,165,0.090782106,0.92057294,0.7890625,0.0914036,0.92108583,0.77367425,0.09346968,0.91701394,0.7760417
165,166,0.12157363,0.8411459,0.66796875,0.08463027,0.9343435,0.813447,0.094889455,0.9128472,0.7604167
166,167,0.096560486,0.92578125,0.80078125,0.08913581,0.9277147,0.7935607,0.093656786,0.9177084,0.77500004
167,168,0.11187312,0.8450521,0.6796875,0.08655738,0.9277147,0.7935607,0.09256251,0.9177084,0.77500004
168,169,0.0890978,0.92578125,0.80078125,0.087661654,0.9277147,0.7935607,0.09100383,0.92118067,0.7854167
169,170,0.087512664,0.92838544,0.80859375,0.086270675,0.92108595,0.77367425,0.09163113,0.91909724,0.78125
170,171,0.08705643,0.9296875,0.80859375,0.0908415,0.9144571,0.7537879,0.09139354,0.92430556,0.7916667
171,172,0.086677626,0.9309896,0.8125,0.092918724,0.9144571,0.77367425,0.09070408,0.92569447,0.79583335
172,173,0.09036355,0.93359375,0.8203125,0.083110064,0.9343435,0.813447,0.09260704,0.92048615,0.78020835
173,174,0.08938475,0.93359375,0.8203125,0.08550464,0.9277147,0.7935607,0.090207644,0.92743057,0.8010417
174,175,0.09076655,0.93359375,0.8203125,0.0940076,0.90782833,0.7339015,0.09170739,0.92222226,0.7854167
175,176,0.09752637,0.8932292,0.69921875,0.08231361,0.94097227,0.8333334,0.09060102,0.92569447,0.79583335
176,177,0.08551331,0.93359375,0.8203125,0.083416075,0.9277147,0.7935607,0.09198101,0.92222226,0.79062504
177,178,0.08886029,0.93359375,0.8203125,0.09087494,0.9144571,0.77367425,0.08984842,0.9274306,0.8010417
178,179,0.102136485,0.93359375,0.8203125,0.08390081,0.9277147,0.7935607,0.08971919,0.92743057,0.8010417
179,180,0.09906993,0.93359375,0.8203125,0.08413806,0.92739904,0.7926137,0.089371145,0.921875,0.784375
180,181,0.08646649,0.93359375,0.8203125,0.08868178,0.9109849,0.7632576,0.08886992,0.9246529,0.79270834
181,182,0.10759381,0.8932292,0.69921875,0.088537,0.9109849,0.7433712,0.08945105,0.9229167,0.7875
182,183,0.08733144,0.93359375,0.8203125,0.083241895,0.93087125,0.8030304,0.09211039,0.92118055,0.7875
183,184,0.0874815,0.93359375,0.8203125,0.08865263,0.9109849,0.7433712,0.08798436,0.9263889,0.7979167
184,185,0.08987103,0.93359375,0.8203125,0.0888816,0.8977274,0.7035985,0.08864824,0.9229167,0.7875
185,186,0.09909557,0.8932292,0.69921875,0.088453315,0.9176137,0.783144,0.08828854,0.9263889,0.7979167
186,187,0.08674043,0.93359375,0.8203125,0.08517172,0.9176137,0.7632576,0.08886039,0.9194445,0.77708334
187,188,0.08665758,0.93359375,0.8203125,0.08890271,0.9043561,0.7433712,0.0887154,0.9229167,0.7875
188,189,0.08647113,0.93359375,0.8203125,0.08193285,0.9242425,0.783144,0.08813449,0.9246529,0.79270834
189,190,0.08405559,0.93359375,0.8203125,0.08260076,0.9242425,0.783144,0.08824289,0.92118055,0.7822917
190,191,0.09184316,0.93359375,0.8203125,0.08952876,0.9043561,0.7433712,0.08664811,0.92465276,0.79270834
191,192,0.090319276,0.93359375,0.8203125,0.07854527,0.93087125,0.8030304,0.09016638,0.9194445,0.7822917
192,193,0.08182719,0.93359375,0.8203125,0.081498876,0.9242425,0.783144,0.08683366,0.9263889,0.7979167
193,194,0.08579706,0.9322917,0.81640625,0.08513351,0.9176137,0.7632576,0.086603925,0.9253473,0.7947917
194,195,0.088136405,0.9322917,0.81640625,0.08381444,0.9242425,0.783144,0.086210325,0.92534727,0.7947917
195,196,0.09409303,0.9322917,0.81640625,0.084647104,0.90404046,0.7225379,0.08578511,0.92326397,0.78854173
196,197,0.08784929,0.9322917,0.81640625,0.08666438,0.9106692,0.7623107,0.08609746,0.9215278,0.78333336
197,198,0.08364795,0.9322917,0.81640625,0.07916986,0.93087125,0.8030304,0.08662752,0.921875,0.784375
198,199,0.084487356,0.9322917,0.81640625,0.07982433,0.917298,0.7623107,0.085046016,0.92152786,0.78333336
199,200,0.08528133,0.9322917,0.81640625,0.078870974,0.92392683,0.782197,0.08893313,0.9145834,0.7625
200,201,0.085264355,0.9322917,0.81640625,0.07840838,0.92392683,0.782197,0.08500214,0.9215278,0.78333336
201,202,0.10312251,0.8515625,0.6953125,0.08931576,0.9043561,0.7234849,0.0871646,0.9184028,0.7791667
202,203,0.0810851,0.9322917,0.81640625,0.08479415,0.9109849,0.7632576,0.08572079,0.921875,0.7895834
203,204,0.08030269,0.9322917,0.81640625,0.08277454,0.9176137,0.7632576,0.08594359,0.921875,0.784375
204,205,0.08215447,0.9348959,0.8203125,0.07938668,0.9176137,0.7632576,0.08608752,0.9267362,0.79583335
205,206,0.08761226,0.93619794,0.82421875,0.08192418,0.9109849,0.7433712,0.08460881,0.9305555,0.8072917
206,207,0.08999579,0.9401042,0.8359375,0.08865772,0.90782833,0.7537879,0.08565675,0.92743057,0.7979167
207,208,0.07966603,0.94140625,0.83984375,0.08769715,0.91130054,0.7642045,0.08512,0.93125004,0.809375
208,209,0.0917781,0.94140625,0.83984375,0.08364187,0.92455816,0.78409094,0.08418454,0.9329861,0.8145834
209,210,0.082842715,0.94140625,0.83984375,0.07888343,0.93781567,0.8238637,0.08407032,0.9329862,0.8145834
210,211,0.082340375,0.94140625,0.83984375,0.08517851,0.9176137,0.7632576,0.08353438,0.9309029,0.8083334
211,212,0.07872592,0.94140625,0.83984375,0.07783806,0.93781567,0.8238637,0.08425636,0.9329862,0.8145834
212,213,0.089362524,0.9010417,0.71875,0.078678325,0.9311869,0.8039774,0.08754572,0.9277779,0.80416673
213,214,0.082327425,0.94140625,0.83984375,0.076928556,0.93781567,0.8238637,0.08348388,0.9329861,0.8145834
214,215,0.07867036,0.94140625,0.83984375,0.081668526,0.93781567,0.8238637,0.08376239,0.9329862,0.8145834
215,216,0.08322296,0.94140625,0.83984375,0.07773851,0.94444454,0.84375,0.08380647,0.92951393,0.80416673
216,217,0.089014396,0.94140625,0.83984375,0.08160065,0.9311869,0.8039774,0.08190162,0.93576396,0.8229167
217,218,0.0826965,0.9427084,0.84375,0.075697064,0.94444454,0.84375,0.08404731,0.9322917,0.8125
218,219,0.0776559,0.9427084,0.84375,0.07905331,0.93781567,0.8238637,0.08410437,0.92951393,0.809375
219,220,0.08156401,0.94140625,0.83984375,0.07751977,0.93087125,0.8030304,0.08411443,0.9284722,0.8010417
220,221,0.08794619,0.90234375,0.72265625,0.080813736,0.9176137,0.7632576,0.08309538,0.9319445,0.8166667
221,222,0.08984018,0.9427084,0.84375,0.07303518,0.9375,0.8229167,0.083341815,0.9302084,0.80625004
222,223,0.08119892,0.9427084,0.84375,0.08169855,0.9176137,0.7632576,0.08180227,0.93368053,0.8166667
223,224,0.092354685,0.9036459,0.7265625,0.07805624,0.9176137,0.7632576,0.08370216,0.93472224,0.81979173
224,225,0.08709197,0.9036459,0.7265625,0.07961053,0.9141414,0.75284094,0.08100957,0.93576396,0.8229167
225,226,0.07682878,0.9466146,0.85546875,0.08187174,0.9176137,0.7632576,0.083587945,0.9329861,0.81979173
226,227,0.080197774,0.94401044,0.84765625,0.079428814,0.9141414,0.75284094,0.08188131,0.9375,0.828125
227,228,0.07728009,0.9453125,0.8515625,0.08144955,0.91414154,0.75284094,0.0831886,0.9322917,0.8125
228,229,0.07825438,0.9466146,0.85546875,0.08603364,0.9109849,0.7632576,0.083175935,0.93125004,0.809375
229,230,0.082194924,0.94401044,0.84765625,0.07938425,0.9176137,0.7632576,0.08379122,0.9277779,0.80416673
230,231,0.09019168,0.9036459,0.7265625,0.08057674,0.9242425,0.783144,0.08238429,0.9329861,0.8145834
231,232,0.07966858,0.9453125,0.8515625,0.0742628,0.9375,0.8229167,0.08210682,0.93472224,0.81979173
232,233,0.08234632,0.9466146,0.85546875,0.08000046,0.9207703,0.7926137,0.08147287,0.93576396,0.8229167
233,234,0.078316495,0.9466146,0.85546875,0.07782337,0.9207703,0.7727274,0.08262988,0.93402785,0.81770843
234,235,0.07965892,0.94401044,0.84765625,0.081231736,0.9141414,0.75284094,0.08229753,0.9322917,0.81770843
235,236,0.08358388,0.9466146,0.85546875,0.07636872,0.92739904,0.7926137,0.08221264,0.9322917,0.8125
236,237,0.08712338,0.90494794,0.73046875,0.08150097,0.90751266,0.7329545,0.082875736,0.9305555,0.8125
237,238,0.08792764,0.9479167,0.85546875,0.077080406,0.9141414,0.75284094,0.080869935,0.9375,0.828125
238,239,0.078403264,0.9466146,0.85546875,0.073380485,0.93402785,0.8125,0.08055853,0.9340278,0.81770843
239,240,0.07582834,0.9466146,0.85546875,0.08281787,0.90088385,0.7130682,0.082673006,0.9305555,0.8072917
240,241,0.07656521,0.9466146,0.85546875,0.074991725,0.92739904,0.7926137,0.0807634,0.9340278,0.81770843
241,242,0.07503625,0.9466146,0.85546875,0.07997733,0.90751266,0.7329545,0.080965295,0.9340278,0.81770843
242,243,0.07565572,0.9466146,0.85546875,0.07546495,0.92739904,0.7926137,0.08111244,0.9322917,0.8125
243,244,0.07882402,0.9466146,0.85546875,0.080659926,0.91414154,0.75284094,0.082440816,0.9305555,0.8072917
244,245,0.07536739,0.9466146,0.85546875,0.08991377,0.88762635,0.6931819,0.080281034,0.93576396,0.8229167
245,246,0.08284066,0.9466146,0.85546875,0.07742743,0.92739904,0.7926137,0.07932245,0.93402785,0.81770843
246,247,0.07835153,0.9466146,0.85546875,0.08010692,0.91414154,0.75284094,0.08140698,0.9305555,0.8072917
247,248,0.08001443,0.9466146,0.85546875,0.0797932,0.9141414,0.75284094,0.080303885,0.93784726,0.8260417
248,249,0.07558023,0.9466146,0.85546875,0.08082461,0.90751266,0.7329545,0.08087466,0.9322917,0.8125
249,250,0.0791422,0.9466146,0.85546875,0.0797235,0.9141414,0.7727274,0.079516366,0.93576396,0.8229167
250,251,0.0786111,0.9466146,0.85546875,0.07464221,0.93402785,0.8125,0.08001577,0.9340278,0.81770843
251,252,0.08028613,0.9479167,0.85546875,0.08351064,0.91414154,0.75284094,0.08261292,0.93055564,0.8125
252,253,0.07564756,0.9466146,0.85546875,0.08317904,0.90088385,0.7130682,0.07952394,0.93576396,0.8229167
253,254,0.075087056,0.9466146,0.85546875,0.07410876,0.92739904,0.7926137,0.07829348,0.9375,0.828125
254,255,0.075385645,0.9466146,0.85546875,0.07269131,0.93402785,0.8125,0.07992895,0.9322917,0.8125
255,256,0.089800686,0.90625,0.734375,0.07828968,0.9141414,0.75284094,0.081156276,0.9322917,0.81770843
256,257,0.0751877,0.9466146,0.85546875,0.07719377,0.92739904,0.7926137,0.07874875,0.93576396,0.8229167
257,258,0.07748388,0.9466146,0.85546875,0.07686265,0.9207703,0.7727274,0.078393474,0.9375,0.828125
258,259,0.07748478,0.9466146,0.85546875,0.077907234,0.9207703,0.7727274,0.07980337,0.9340278,0.8229167
259,260,0.07391285,0.9466146,0.85546875,0.077734075,0.91414154,0.75284094,0.079378776,0.9322917,0.8125
260,261,0.077241175,0.9466146,0.85546875,0.08042886,0.91414154,0.7727274,0.07923049,0.93576396,0.8229167
261,262,0.09676403,0.90625,0.734375,0.07716739,0.9141414,0.75284094,0.080345206,0.9288195,0.80208343
262,263,0.08793487,0.90625,0.734375,0.07278077,0.93402785,0.8125,0.078369014,0.93576396,0.8229167
263,264,0.08404618,0.9466146,0.85546875,0.07633998,0.9141414,0.75284094,0.07945122,0.9340278,0.81770843
264,265,0.07292065,0.9466146,0.85546875,0.07880077,0.9141414,0.75284094,0.079589196,0.93402785,0.81770843
265,266,0.08546701,0.9466146,0.85546875,0.080749355,0.9141414,0.75284094,0.0784507,0.93576396,0.8229167
266,267,0.078107625,0.9466146,0.85546875,0.075557694,0.9207703,0.7727274,0.07988755,0.9322917,0.81770843
267,268,0.07418709,0.9466146,0.85546875,0.086429045,0.90782833,0.7537879,0.079681866,0.9361111,0.8239584
268,269,0.08439798,0.9466146,0.85546875,0.08250586,0.90751266,0.75284094,0.07794391,0.93576396,0.8229167
269,270,0.0731684,0.9466146,0.85546875,0.081976175,0.90751266,0.7329545,0.077830926,0.93576396,0.8229167
270,271,0.07652599,0.9466146,0.85546875,0.07929569,0.90751266,0.7329545,0.07789441,0.9322917,0.8125
271,272,0.07297237,0.9466146,0.85546875,0.07339619,0.9343435,0.813447,0.079935275,0.934375,0.81875
272,273,0.07609269,0.9466146,0.85546875,0.07601615,0.92108595,0.77367425,0.07793604,0.93784726,0.8291667
273,274,0.07280217,0.9466146,0.85546875,0.07866641,0.92108595,0.77367425,0.078068726,0.9361111,0.8239584
274,275,0.081942365,0.9466146,0.85546875,0.07666282,0.9343435,0.813447,0.077952996,0.93611115,0.8291667
275,276,0.100807644,0.90625,0.734375,0.073550954,0.9141414,0.75284094,0.07809823,0.93402785,0.81770843
276,277,0.07256892,0.9479167,0.859375,0.09099021,0.88099754,0.6732955,0.078952245,0.9322917,0.81770843
277,278,0.08333416,0.90625,0.734375,0.08321016,0.90088385,0.7130682,0.08156767,0.92534727,0.7916667
278,279,0.07391561,0.9466146,0.85546875,0.0779124,0.92108583,0.77367425,0.078595534,0.9361111,0.8291667
279,280,0.08246914,0.9466146,0.85546875,0.078079924,0.9277147,0.7935607,0.0790786,0.934375,0.81875
280,281,0.0722911,0.9466146,0.85546875,0.07894163,0.9141414,0.75284094,0.07760378,0.9322917,0.8125
281,282,0.07529031,0.9466146,0.85546875,0.07264962,0.9207703,0.7727274,0.07781645,0.93576396,0.8229167
282,283,0.0755001,0.9466146,0.85546875,0.07131807,0.93402785,0.8125,0.076803945,0.9385417,0.83125
283,284,0.07359633,0.9479167,0.859375,0.085393384,0.90088385,0.7329545,0.07971102,0.93159723,0.8104167
284,285,0.072041094,0.9479167,0.859375,0.07561067,0.91414154,0.75284094,0.079388015,0.9305555,0.8125
285,286,0.07498117,0.9479167,0.859375,0.08006343,0.90751266,0.7329545,0.076479815,0.93784726,0.8260417
286,287,0.083846465,0.9088542,0.73828125,0.07738337,0.90751266,0.7329545,0.07892565,0.9333334,0.8208334
287,288,0.08417554,0.9075521,0.73828125,0.077578485,0.9207703,0.7727274,0.07796418,0.9350695,0.8208334
288,289,0.08231549,0.9075521,0.73828125,0.07627967,0.9207703,0.7727274,0.08000501,0.9298612,0.8104167
289,290,0.070947595,0.9479167,0.859375,0.07317895,0.92739904,0.7926137,0.07803082,0.9333334,0.8208334
290,291,0.07241867,0.9479167,0.859375,0.080058336,0.91414154,0.7727274,0.07628479,0.93784726,0.8260417
291,292,0.07475623,0.94921875,0.859375,0.07483199,0.9141414,0.75284094,0.076994106,0.9361111,0.8208334
292,293,0.07451907,0.94921875,0.859375,0.08001618,0.9141414,0.75284094,0.075730525,0.93784726,0.8260417
293,294,0.07223497,0.94921875,0.859375,0.07363826,0.9207703,0.7727274,0.08053946,0.9309028,0.8104167
294,295,0.07473992,0.94921875,0.859375,0.08275321,0.88762635,0.6732955,0.07621407,0.9361111,0.8208334
295,296,0.07831874,0.94921875,0.859375,0.071613245,0.92739904,0.7926137,0.07823836,0.934375,0.815625
296,297,0.07033123,0.94921875,0.859375,0.079228565,0.91414154,0.75284094,0.075741746,0.93784726,0.8260417
297,298,0.071850605,0.94921875,0.859375,0.072479516,0.92739904,0.7926137,0.07643272,0.93611115,0.8208334
298,299,0.08794311,0.9088542,0.73828125,0.08232071,0.90088385,0.7130682,0.07616798,0.9361111,0.8208334
299,300,0.08170109,0.94921875,0.859375,0.07784871,0.9207703,0.7926137,0.0762973,0.93784726,0.8260417
300,301,0.07554123,0.94921875,0.859375,0.078724265,0.9141414,0.75284094,0.07605363,0.93784726,0.8260417
301,302,0.07896046,0.94921875,0.859375,0.07428008,0.92739904,0.7926137,0.075918995,0.9361111,0.8208334
302,303,0.070851445,0.94921875,0.859375,0.07246073,0.92739904,0.7926137,0.07701518,0.93611115,0.8208334
303,304,0.07383284,0.94921875,0.859375,0.073535234,0.9207703,0.7727274,0.07907409,0.92916673,0.8104167
304,305,0.07451053,0.94921875,0.859375,0.07289605,0.9141414,0.75284094,0.076374225,0.93611115,0.8208334
305,306,0.07286286,0.94921875,0.859375,0.07047528,0.93402785,0.8125,0.07752465,0.93263894,0.8104167
306,307,0.0747523,0.94921875,0.859375,0.06941554,0.92739904,0.7926137,0.07511319,0.9395834,0.83125
307,308,0.07394358,0.94921875,0.859375,0.07484762,0.9207703,0.7727274,0.07541325,0.9395834,0.83125
308,309,0.07392826,0.94921875,0.859375,0.07663321,0.9207703,0.7727274,0.075514,0.9361111,0.8208334
309,310,0.07552314,0.94921875,0.859375,0.07840424,0.9141414,0.75284094,0.07684054,0.93611115,0.8208334
310,311,0.07120023,0.94921875,0.859375,0.08008817,0.90751266,0.7329545,0.078213915,0.92916673,0.8
311,312,0.07041639,0.94921875,0.859375,0.08564722,0.8942551,0.6931819,0.07584942,0.9361111,0.8208334
312,313,0.070339665,0.94921875,0.859375,0.07717917,0.90751266,0.7329545,0.0769869,0.934375,0.815625
313,314,0.07362874,0.94921875,0.859375,0.07795178,0.9207703,0.7727274,0.07572492,0.9361111,0.8208334
314,315,0.08060661,0.94921875,0.859375,0.079027034,0.90751266,0.75284094,0.07718636,0.93263894,0.815625
315,316,0.070755735,0.94921875,0.859375,0.078794956,0.90751266,0.7329545,0.07681495,0.93263894,0.8104167
316,317,0.077579394,0.94921875,0.859375,0.07692537,0.91414154,0.75284094,0.07643019,0.9361111,0.8208334
317,318,0.0736817,0.94921875,0.859375,0.076360725,0.9141414,0.75284094,0.07584771,0.93784726,0.8260417
318,319,0.07295944,0.94921875,0.859375,0.08384566,0.90088385,0.7329545,0.076213665,0.9361111,0.8208334
319,320,0.06994721,0.94921875,0.859375,0.07861252,0.90751266,0.7329545,0.07536175,0.93263894,0.8104167
320,321,0.073538095,0.94921875,0.859375,0.07562296,0.9207703,0.7727274,0.07874191,0.92743057,0.8052084
321,322,0.08245468,0.9088542,0.73828125,0.08035199,0.90751266,0.75284094,0.07536546,0.934375,0.815625
322,323,0.06873919,0.94921875,0.859375,0.07735686,0.9141414,0.75284094,0.07725837,0.9333334,0.815625
323,324,0.07003413,0.94921875,0.859375,0.07342612,0.9207703,0.7727274,0.07448455,0.9395834,0.83125
324,325,0.07028775,0.9479167,0.859375,0.07813962,0.90751266,0.7329545,0.07499468,0.9333334,0.8208334
325,326,0.074074835,0.9479167,0.859375,0.07726362,0.9141414,0.75284094,0.077552795,0.934375,0.815625
326,327,0.06852338,0.94921875,0.859375,0.07392276,0.9207703,0.7727274,0.074921824,0.93784726,0.8260417
327,328,0.07016781,0.94921875,0.86328125,0.07562848,0.91414154,0.75284094,0.07413926,0.9395834,0.83125
328,329,0.09196977,0.91015625,0.74609375,0.073509134,0.91414154,0.75284094,0.075822435,0.93368053,0.8166667
329,330,0.07248397,0.94921875,0.86328125,0.07973688,0.9141414,0.75284094,0.07436246,0.93993056,0.8322917
330,331,0.07439809,0.95182294,0.8671875,0.07276415,0.9207703,0.7727274,0.0751579,0.93819445,0.8270834
331,332,0.072754025,0.95182294,0.8671875,0.07846695,0.90751266,0.75284094,0.07357352,0.9416667,0.83750004
332,333,0.068986095,0.9505209,0.8671875,0.081979774,0.90088385,0.7130682,0.075410664,0.93784726,0.8260417
333,334,0.06824221,0.95182294,0.8671875,0.0726009,0.9207703,0.7727274,0.07684781,0.93368065,0.8166667
334,335,0.0693266,0.9505209,0.8671875,0.07054163,0.9207703,0.7727274,0.077618636,0.9319445,0.8166667
335,336,0.09041553,0.91015625,0.74609375,0.07165395,0.9277147,0.7935607,0.07612481,0.9375,0.828125
336,337,0.07950553,0.91015625,0.74609375,0.07575217,0.91414154,0.75284094,0.07552075,0.93819445,0.8270834
337,338,0.09828542,0.91015625,0.74609375,0.071486875,0.94097227,0.8333334,0.07423272,0.9402779,0.83333343
338,339,0.079526246,0.95182294,0.8671875,0.07964043,0.92108583,0.77367425,0.07498454,0.9402779,0.8385417
339,340,0.0723768,0.95182294,0.8671875,0.07908024,0.9144571,0.77367425,0.0746603,0.9402779,0.83333343
340,341,0.06899969,0.95182294,0.8671875,0.07257846,0.9343435,0.813447,0.074746326,0.94027776,0.83333343
341,342,0.07893492,0.95182294,0.8671875,0.07560739,0.9343435,0.813447,0.07384598,0.9420139,0.8385417
342,343,0.09003769,0.9114584,0.74609375,0.07771916,0.92108583,0.77367425,0.07563142,0.9385417,0.828125
343,344,0.072216414,0.95182294,0.8671875,0.080442056,0.90782833,0.7537879,0.07579609,0.9385417,0.828125
344,345,0.07176259,0.95182294,0.8671875,0.075861655,0.9277147,0.7935607,0.07488135,0.94131947,0.8364584
345,346,0.07445359,0.95182294,0.8671875,0.07704772,0.9144571,0.77367425,0.07527109,0.9395834,0.83125
346,347,0.06871979,0.953125,0.87109375,0.08073038,0.9144571,0.77367425,0.075773545,0.9395834,0.83125
347,348,0.06867407,0.9544271,0.875,0.07270709,0.9343435,0.813447,0.07514615,0.93576396,0.828125
348,349,0.0691371,0.9505209,0.8671875,0.070175074,0.94097227,0.8333334,0.07325502,0.93923616,0.83333343
349,350,0.071889445,0.95182294,0.87109375,0.07442749,0.9277147,0.813447,0.07459634,0.9385417,0.83125
350,351,0.07209496,0.953125,0.87109375,0.07596204,0.9277147,0.7935607,0.0724117,0.9430556,0.8416667
351,352,0.06850977,0.953125,0.87109375,0.08105638,0.9144571,0.7537879,0.07327584,0.94305557,0.8416667
352,353,0.07247931,0.9544271,0.875,0.07743816,0.90782833,0.7339015,0.07510798,0.940625,0.834375
353,354,0.06838467,0.9544271,0.875,0.075115375,0.9277147,0.813447,0.072779916,0.9458334,0.85
354,355,0.07130641,0.953125,0.87109375,0.071136385,0.9343435,0.813447,0.07521113,0.94131947,0.8416667
355,356,0.06834651,0.953125,0.87109375,0.07618468,0.92108583,0.77367425,0.072763875,0.9458334,0.85
356,357,0.07163089,0.9544271,0.875,0.07604705,0.9277147,0.7935607,0.07409623,0.94236106,0.8395834
357,358,0.0682312,0.9544271,0.875,0.075855605,0.9343435,0.813447,0.07307184,0.9440972,0.8447917
358,359,0.095462054,0.9140625,0.75390625,0.07800008,0.9144571,0.7537879,0.07268461,0.9458334,0.85
359,360,0.07112856,0.9544271,0.875,0.07304409,0.9277147,0.7935607,0.073188804,0.94131947,0.8364584
360,361,0.06812303,0.953125,0.87109375,0.07961725,0.9144571,0.77367425,0.074916944,0.9395834,0.83125
361,362,0.06810433,0.953125,0.87109375,0.08263247,0.9144571,0.77367425,0.0739788,0.94131947,0.8364584
362,363,0.07260424,0.95182294,0.87109375,0.076037966,0.92108595,0.77367425,0.07298792,0.94027776,0.8364584
363,364,0.07777738,0.95182294,0.87109375,0.07485129,0.9277147,0.7935607,0.0749772,0.93888897,0.834375
364,365,0.0679612,0.953125,0.875,0.07101163,0.9343435,0.813447,0.07597508,0.93611115,0.8239584
365,366,0.068452716,0.953125,0.875,0.07577208,0.92108595,0.77367425,0.07455241,0.93784726,0.834375
366,367,0.081465185,0.91276044,0.75390625,0.07407501,0.9277147,0.7935607,0.07384314,0.94131947,0.8395834
367,368,0.071583346,0.953125,0.875,0.07202946,0.9343435,0.813447,0.07341043,0.940625,0.834375
368,369,0.07073306,0.9544271,0.875,0.07450241,0.9277147,0.7935607,0.073360346,0.94409734,0.8447917
369,370,0.07138181,0.9544271,0.875,0.07517055,0.92108583,0.77367425,0.07465692,0.94236106,0.8395834
370,371,0.08112604,0.953125,0.875,0.07765356,0.9144571,0.7537879,0.073010206,0.94305557,0.8447917
371,372,0.08597456,0.91276044,0.75390625,0.07276669,0.9277147,0.7935607,0.07341739,0.9423612,0.8395834
372,373,0.07066935,0.9544271,0.875,0.07351019,0.92108583,0.77367425,0.0730097,0.9440972,0.8447917
373,374,0.06799385,0.9544271,0.875,0.07760343,0.92108583,0.77367425,0.0727,0.9440972,0.8447917
374,375,0.06803308,0.9544271,0.875,0.0720381,0.9277147,0.7935607,0.07437837,0.9395834,0.834375
375,376,0.07077293,0.953125,0.875,0.082729444,0.9144571,0.77367425,0.07633281,0.9371528,0.8291667
376,377,0.07106138,0.9544271,0.875,0.07489154,0.9277147,0.7935607,0.07273605,0.9440972,0.8447917
377,378,0.085896224,0.9140625,0.75390625,0.06994588,0.9343435,0.813447,0.072629474,0.9440972,0.8447917
378,379,0.076926574,0.9544271,0.875,0.07523027,0.92108595,0.7935607,0.072813,0.9440972,0.8447917
379,380,0.06813482,0.9544271,0.875,0.07599553,0.92108595,0.77367425,0.07357981,0.94236106,0.8447917
380,381,0.06776216,0.9544271,0.875,0.07418646,0.9277147,0.7935607,0.073413186,0.94236106,0.8395834
381,382,0.07740692,0.9140625,0.75390625,0.0716746,0.9277147,0.7935607,0.07432423,0.940625,0.8395834
382,383,0.06521095,0.9544271,0.875,0.07238528,0.9277147,0.7935607,0.07206037,0.9458334,0.85
383,384,0.07849891,0.9544271,0.875,0.077209756,0.9277147,0.7935607,0.07338563,0.94236106,0.8395834
384,385,0.06712511,0.953125,0.875,0.06840141,0.94097227,0.8333334,0.07191707,0.9430556,0.8447917
385,386,0.06747991,0.953125,0.875,0.06985019,0.94097227,0.8333334,0.073423386,0.94131947,0.8447917
386,387,0.06813434,0.953125,0.875,0.07144597,0.9277147,0.7935607,0.07318832,0.9395834,0.8395834
387,388,0.08541685,0.91276044,0.75390625,0.081683874,0.9011995,0.7140152,0.07397449,0.9395834,0.834375
388,389,0.07543546,0.953125,0.875,0.072574206,0.9343435,0.813447,0.071452826,0.94305557,0.8447917
389,390,0.08739659,0.91276044,0.75390625,0.07879682,0.9144571,0.7537879,0.073032185,0.9395834,0.8395834
390,391,0.06991624,0.953125,0.875,0.07647133,0.92108583,0.77367425,0.07309619,0.94131947,0.8395834
391,392,0.0730215,0.9544271,0.875,0.07022091,0.9343435,0.813447,0.07263453,0.9395834,0.8395834
392,393,0.07344764,0.953125,0.875,0.08113898,0.90782833,0.7537879,0.07228599,0.94236106,0.8395834
393,394,0.07342607,0.953125,0.875,0.073895425,0.9277147,0.7935607,0.073953174,0.93888897,0.8291667
394,395,0.067087,0.9544271,0.875,0.07780287,0.9144571,0.77367425,0.07400544,0.93784726,0.8291667
395,396,0.06670461,0.953125,0.875,0.073006004,0.9277147,0.7935607,0.07222965,0.94131947,0.8395834
396,397,0.06665562,0.953125,0.875,0.07663669,0.9144571,0.7537879,0.071267426,0.94479173,0.85
397,398,0.07129418,0.953125,0.875,0.07464733,0.92108595,0.77367425,0.07295644,0.94131947,0.8395834
398,399,0.07586006,0.953125,0.875,0.073071316,0.9277147,0.7935607,0.07205931,0.94131947,0.8395834
399,400,0.06760965,0.953125,0.875,0.07014148,0.9343435,0.813447,0.07114437,0.94479173,0.85
400,401,0.06940312,0.953125,0.875,0.074275576,0.92108583,0.77367425,0.07207867,0.9440972,0.8447917
401,402,0.07575473,0.91276044,0.75390625,0.07843408,0.9277147,0.7935607,0.0735832,0.940625,0.834375
402,403,0.07001491,0.9544271,0.875,0.07587879,0.92108583,0.7935607,0.07334332,0.9423612,0.8395834
403,404,0.07293472,0.9544271,0.875,0.07381374,0.9144571,0.7537879,0.07249248,0.93888897,0.8291667
404,405,0.07806532,0.9140625,0.75390625,0.06908744,0.94097227,0.8333334,0.07217439,0.94236106,0.8395834
405,406,0.074535064,0.9544271,0.875,0.073648065,0.9343435,0.813447,0.07252076,0.94236106,0.8395834
406,407,0.066694796,0.9544271,0.875,0.07629718,0.92108583,0.77367425,0.072267056,0.94236106,0.8395834
407,408,0.07055721,0.9544271,0.875,0.077900544,0.9144571,0.7537879,0.07167362,0.94236106,0.8395834
408,409,0.06501217,0.9544271,0.875,0.0817752,0.90782833,0.7537879,0.072080866,0.9423612,0.8395834
409,410,0.06912607,0.953125,0.875,0.0704804,0.9343435,0.813447,0.07206205,0.94131947,0.8395834
410,411,0.06945792,0.953125,0.875,0.073817804,0.92108595,0.77367425,0.07260126,0.9395834,0.834375
411,412,0.066506416,0.953125,0.875,0.071909204,0.9277147,0.7935607,0.07210715,0.9440972,0.8447917
412,413,0.06616396,0.953125,0.875,0.07489662,0.92108583,0.7935607,0.070951,0.94305557,0.8447917
413,414,0.100260735,0.8723959,0.75390625,0.06920427,0.9343435,0.813447,0.07083814,0.94305557,0.8447917
414,415,0.0660864,0.953125,0.875,0.07334524,0.9277147,0.7935607,0.071438,0.9430556,0.8447917
415,416,0.10016637,0.8723959,0.75390625,0.06934094,0.9343435,0.813447,0.07373043,0.9395834,0.834375
416,417,0.10080449,0.8723959,0.75390625,0.07477279,0.9277147,0.7935607,0.07298946,0.940625,0.834375
417,418,0.06381579,0.9544271,0.875,0.07202574,0.9343435,0.813447,0.07101021,0.9458334,0.85
418,419,0.06916274,0.9544271,0.875,0.08110434,0.9144571,0.7537879,0.07226091,0.9423612,0.8395834
419,420,0.07853964,0.9140625,0.75390625,0.07170175,0.9277147,0.7935607,0.07115941,0.9440972,0.8447917
420,421,0.06621699,0.9544271,0.875,0.07582254,0.9144571,0.7537879,0.07214905,0.94236106,0.8395834
421,422,0.06790528,0.9544271,0.875,0.074340194,0.9277147,0.7935607,0.07370755,0.940625,0.8395834
422,423,0.06864381,0.9544271,0.875,0.07362443,0.9277147,0.7935607,0.072456,0.94236106,0.8395834
423,424,0.06576495,0.9544271,0.875,0.079668924,0.9144571,0.7537879,0.07224517,0.940625,0.834375
424,425,0.07638753,0.9544271,0.875,0.07463865,0.9176137,0.7632576,0.07447189,0.93784726,0.83125
425,426,0.08539064,0.9140625,0.75390625,0.069148645,0.93087125,0.8030304,0.071449436,0.94131947,0.8364584
426,427,0.06887079,0.9544271,0.875,0.068562,0.9375,0.8229167,0.070588194,0.9458334,0.85
427,428,0.07471676,0.9557292,0.87890625,0.07634788,0.9176137,0.7632576,0.07103478,0.94305557,0.8416667
428,429,0.07877897,0.9544271,0.875,0.07210439,0.9176137,0.7632576,0.073512755,0.9395834,0.8364584
429,430,0.0655835,0.9544271,0.875,0.074530765,0.9277147,0.7935607,0.07239352,0.9440972,0.8447917
430,431,0.072985426,0.9544271,0.875,0.075278774,0.9277147,0.7935607,0.07028315,0.9440972,0.8447917
431,432,0.07789369,0.9140625,0.75390625,0.073042214,0.92108583,0.77367425,0.07422509,0.9371528,0.8291667
432,433,0.06869662,0.953125,0.875,0.07358869,0.92108595,0.77367425,0.07156422,0.9440972,0.8447917
433,434,0.06888471,0.9544271,0.875,0.07149872,0.9343435,0.813447,0.073226206,0.940625,0.8395834
434,435,0.08071928,0.91276044,0.75390625,0.07829025,0.90782833,0.7537879,0.07109437,0.9440972,0.8447917
435,436,0.07282148,0.9544271,0.875,0.073937,0.9242425,0.783144,0.07199194,0.94131947,0.8364584
436,437,0.06572464,0.9557292,0.87890625,0.07285291,0.9242425,0.783144,0.07356512,0.93611115,0.8260417
437,438,0.0687411,0.9544271,0.875,0.07881442,0.92108583,0.77367425,0.07169576,0.940625,0.8395834
438,439,0.06965928,0.9544271,0.875,0.07568167,0.9109849,0.7433712,0.07239339,0.9395834,0.8364584
439,440,0.073538646,0.9140625,0.75390625,0.07470016,0.9242425,0.783144,0.072232805,0.94131947,0.8416667
440,441,0.091112584,0.9140625,0.75390625,0.07063874,0.93087125,0.8030304,0.072590284,0.93888897,0.8291667
441,442,0.069506854,0.9557292,0.87890625,0.07472565,0.9176137,0.7632576,0.07291335,0.940625,0.834375
442,443,0.07346797,0.9140625,0.75390625,0.07352274,0.9176137,0.783144,0.07152999,0.94409734,0.8447917
443,444,0.06551117,0.9557292,0.87890625,0.070027135,0.93087125,0.8030304,0.07192217,0.9423612,0.8395834
444,445,0.082957886,0.9140625,0.75390625,0.07265966,0.9176137,0.7632576,0.072257,0.94236106,0.8395834
445,446,0.065469176,0.9557292,0.87890625,0.07277015,0.93087125,0.8030304,0.073408365,0.93888897,0.8291667
446,447,0.06608868,0.9544271,0.875,0.07138282,0.93087125,0.8030304,0.0693836,0.94479173,0.846875
447,448,0.08596468,0.91276044,0.75390625,0.07687006,0.9043561,0.7234849,0.07157385,0.9423612,0.8395834
448,449,0.06825026,0.9544271,0.875,0.07775265,0.9043561,0.7234849,0.072517075,0.93611115,0.8260417
449,450,0.07403459,0.9544271,0.875,0.070150465,0.9242425,0.783144,0.07192059,0.940625,0.8395834
450,451,0.068167135,0.9544271,0.875,0.07548414,0.9176137,0.7632576,0.07035324,0.94479173,0.846875
451,452,0.07104918,0.9544271,0.875,0.0743964,0.9109849,0.7433712,0.06928435,0.94479173,0.846875
452,453,0.07995123,0.91276044,0.75390625,0.07260311,0.9277147,0.7935607,0.07055761,0.94236106,0.8395834
453,454,0.06497873,0.953125,0.875,0.06905226,0.93087125,0.8030304,0.07387325,0.93680555,0.83125
454,455,0.06909566,0.953125,0.875,0.0723369,0.9242425,0.783144,0.07124085,0.93784726,0.8260417
455,456,0.080624655,0.9153646,0.7578125,0.07901126,0.9043561,0.7234849,0.07404985,0.9354167,0.8239584
456,457,0.0691446,0.9557292,0.87890625,0.07661421,0.9109849,0.7632576,0.07032791,0.9440972,0.8447917
457,458,0.086141825,0.9153646,0.7578125,0.069321424,0.93087125,0.8030304,0.07105753,0.940625,0.8395834
458,459,0.06797258,0.9557292,0.87890625,0.077938706,0.9176137,0.7632576,0.07189029,0.940625,0.834375
459,460,0.06499702,0.9557292,0.87890625,0.07806342,0.9043561,0.7234849,0.070618436,0.9423612,0.8395834
460,461,0.06495112,0.9557292,0.87890625,0.07394971,0.9242425,0.783144,0.0714103,0.93784726,0.8260417
461,462,0.06470098,0.9557292,0.87890625,0.07481443,0.9176137,0.7632576,0.07036992,0.94131947,0.8364584
462,463,0.07476373,0.9544271,0.875,0.079371676,0.9109849,0.7433712,0.06934106,0.94479173,0.846875
463,464,0.068932325,0.9544271,0.875,0.07488644,0.9176137,0.783144,0.070459716,0.9423612,0.8395834
464,465,0.063955344,0.9557292,0.87890625,0.07783954,0.9176137,0.7632576,0.07037147,0.94305557,0.8416667
465,466,0.067490764,0.9544271,0.875,0.07089026,0.93087125,0.8030304,0.06929529,0.9440972,0.8447917
466,467,0.089733355,0.9153646,0.7578125,0.07154918,0.9242425,0.783144,0.07292151,0.93715286,0.8239584
467,468,0.06731224,0.9557292,0.87890625,0.07061681,0.9242425,0.783144,0.07168197,0.93888897,0.834375
468,469,0.06447755,0.9557292,0.87890625,0.07437,0.9242425,0.783144,0.070096426,0.9423612,0.8395834
469,470,0.06445263,0.95703125,0.8828125,0.08234135,0.9109849,0.7433712,0.071128756,0.940625,0.834375
470,471,0.06866133,0.95703125,0.8828125,0.074823044,0.9242425,0.783144,0.07002021,0.9440972,0.8447917
471,472,0.06437678,0.9557292,0.87890625,0.07170068,0.9242425,0.783144,0.06995957,0.9440972,0.8447917
472,473,0.06457851,0.953125,0.875,0.07635973,0.9242425,0.783144,0.06961755,0.9402779,0.8416667
473,474,0.06721737,0.9544271,0.875,0.08022064,0.9109849,0.7433712,0.07042632,0.9423612,0.8395834
474,475,0.076625526,0.9153646,0.7578125,0.07724836,0.9043561,0.7433712,0.07192262,0.93888897,0.8291667
475,476,0.06971648,0.953125,0.875,0.07765369,0.9043561,0.7433712,0.071143284,0.940625,0.834375
476,477,0.0643118,0.953125,0.875,0.07262855,0.9242425,0.783144,0.06884146,0.9458334,0.85
477,478,0.06721302,0.953125,0.875,0.07478668,0.93087125,0.8030304,0.07257434,0.940625,0.834375
478,479,0.06754951,0.9557292,0.87890625,0.072784446,0.9176137,0.7632576,0.069053195,0.9458334,0.85
479,480,0.065151975,0.9557292,0.87890625,0.077503964,0.9109849,0.7632576,0.06903881,0.9440972,0.8447917
480,481,0.08029238,0.9153646,0.7578125,0.06709987,0.9375,0.8229167,0.072238944,0.93888897,0.834375
481,482,0.06505511,0.9557292,0.87890625,0.08082625,0.8977274,0.7234849,0.07042583,0.940625,0.834375
482,483,0.06724429,0.9557292,0.87890625,0.06775706,0.9375,0.8229167,0.069794975,0.9440972,0.8447917
483,484,0.06410112,0.95703125,0.8828125,0.06930643,0.9242425,0.783144,0.07016354,0.94236106,0.8395834
484,485,0.07812542,0.9153646,0.7578125,0.0757293,0.9242425,0.783144,0.0703934,0.9440972,0.8447917
485,486,0.066965945,0.9557292,0.87890625,0.06999591,0.9375,0.8229167,0.070992194,0.9434029,0.8427084
486,487,0.072814785,0.95703125,0.8828125,0.07224241,0.93087125,0.8030304,0.07213376,0.9416667,0.83750004
487,488,0.06468066,0.95703125,0.8828125,0.07703011,0.9176137,0.7632576,0.06963941,0.94236106,0.8395834
488,489,0.07633459,0.9153646,0.7578125,0.07276464,0.9242425,0.783144,0.0700431,0.940625,0.8395834
489,490,0.06398578,0.9557292,0.87890625,0.07084769,0.9242425,0.783144,0.069208704,0.9458334,0.85
490,491,0.08870624,0.9153646,0.7578125,0.069254205,0.93087125,0.8030304,0.07094654,0.9423612,0.8395834
491,492,0.067084715,0.95703125,0.8828125,0.0749671,0.9242425,0.783144,0.06962371,0.94236106,0.8395834
492,493,0.066803694,0.9544271,0.87890625,0.07152329,0.9242425,0.783144,0.07029589,0.9434029,0.8427084
493,494,0.06720101,0.95703125,0.8828125,0.07444234,0.9242425,0.783144,0.0711481,0.9416667,0.83750004
494,495,0.066730306,0.95703125,0.8828125,0.07363446,0.9176137,0.7632576,0.06995511,0.9434029,0.8427084
495,496,0.06909655,0.95703125,0.8828125,0.07019114,0.93087125,0.8030304,0.06892055,0.94687504,0.85312504
496,497,0.07050811,0.95703125,0.8828125,0.0685129,0.93087125,0.8030304,0.07038555,0.9416667,0.83750004
497,498,0.06469049,0.95703125,0.8828125,0.07729936,0.9109849,0.7433712,0.07046162,0.9416667,0.8427084
498,499,0.061721694,0.95703125,0.8828125,0.0745931,0.9242425,0.783144,0.06906755,0.94513893,0.8479167
499,500,0.07403226,0.95703125,0.8828125,0.07672746,0.9109849,0.7433712,0.071105205,0.93819445,0.8270834
